date,date,open,high,low,close,volume
2017-01-03,2017-01-03,3105.309,3136.456,3105.309,3135.921,14156718700
2017-01-04,2017-01-04,3133.787,3160.103,3130.115,3158.794,16786085000
2017-01-05,2017-01-05,3157.906,3168.502,3154.281,3165.411,17472764500
2017-01-06,2017-01-06,3163.776,3172.035,3153.025,3154.321,18370896600
2017-01-09,2017-01-09,3148.532,3173.136,3147.735,3171.236,17171407500
2017-01-10,2017-01-10,3167.57,3174.578,3157.332,3161.671,17975921600
2017-01-11,2017-01-11,3156.686,3167.029,3136.267,3136.754,17836222100
2017-01-12,2017-01-12,3133.602,3144.97,3115.979,3119.289,14888924000
2017-01-13,2017-01-13,3116.083,3130.515,3102.163,3112.764,15627421400
2017-01-16,2017-01-16,3104.492,3105.142,3044.291,3103.428,25788599600
2017-01-17,2017-01-17,3087.03,3108.907,3072.338,3108.775,13615786100
2017-01-18,2017-01-18,3104.766,3123.72,3098.586,3113.012,13178012800
2017-01-19,2017-01-19,3104.972,3115.778,3094.006,3101.299,12385142000
2017-01-20,2017-01-20,3095.819,3125.66,3095.215,3123.139,12236677700
2017-01-23,2017-01-23,3125.421,3145.841,3125.421,3136.775,13266039200
2017-01-24,2017-01-24,3134.592,3149.531,3131.218,3142.553,12597388100
2017-01-25,2017-01-25,3137.646,3151.472,3133.191,3149.555,11207382700
2017-01-26,2017-01-26,3149.217,3163.104,3148.908,3159.166,11387677200
2017-02-03,2017-02-03,3160.082,3162.677,3136.013,3140.17,9222473600
2017-02-06,2017-02-06,3143.093,3158.843,3135.387,3156.984,12719828300
2017-02-07,2017-02-07,3154.405,3159.544,3140.036,3153.088,12833744200
2017-02-08,2017-02-08,3148.086,3167.447,3132.033,3166.982,14492018700
2017-02-09,2017-02-09,3164.688,3186.838,3162.574,3183.179,19164032700
2017-02-10,2017-02-10,3183.007,3205.049,3182.802,3196.699,23934891300
2017-02-13,2017-02-13,3198.995,3219.407,3198.995,3216.839,22019150800
2017-02-14,2017-02-14,3216.137,3219.405,3205.285,3217.928,18879808800
2017-02-15,2017-02-15,3215.464,3235.998,3206.561,3212.986,24150770600
2017-02-16,2017-02-16,3210.357,3230.275,3207.785,3229.618,21695594200
2017-02-17,2017-02-17,3227.707,3238.396,3199.425,3202.076,22622817700
2017-02-20,2017-02-20,3198.963,3241.458,3198.963,3239.961,23215209600
2017-02-21,2017-02-21,3242.223,3254.336,3239.878,3253.326,21167306600
2017-02-22,2017-02-22,3252.69,3261.381,3243.84,3261.218,20745377600
2017-02-23,2017-02-23,3258.832,3264.082,3236.355,3251.375,20917980000
2017-02-24,2017-02-24,3246.86,3253.956,3233.535,3253.433,18640636200
2017-02-27,2017-02-27,3249.195,3251.654,3224.088,3228.66,18258107100
2017-02-28,2017-02-28,3225.969,3242.679,3225.969,3241.733,15124431800
2017-03-01,2017-03-01,3240.073,3259.978,3237.871,3246.934,19067755000
2017-03-02,2017-03-02,3250.518,3256.807,3228.665,3230.028,18121507600
2017-03-03,2017-03-03,3219.202,3221.155,3206.613,3218.312,15708236800
2017-03-06,2017-03-06,3217.335,3234.663,3215.067,3233.866,15609215800
2017-03-07,2017-03-07,3233.094,3242.659,3226.822,3242.406,16406423500
2017-03-08,2017-03-08,3240.532,3245.304,3230.608,3240.665,16073138800
2017-03-09,2017-03-09,3233.701,3233.875,3205.279,3216.746,16737110800
2017-03-10,2017-03-10,3213.729,3222.319,3208.447,3212.76,13667274300
2017-03-13,2017-03-13,3209.449,3237.121,3193.157,3237.024,16367376000
2017-03-14,2017-03-14,3235.252,3246.329,3231.521,3239.328,14694602200
2017-03-15,2017-03-15,3235.403,3243.713,3227.738,3241.76,14405568200
2017-03-16,2017-03-16,3247.163,3269.77,3247.163,3268.935,18941600200
2017-03-17,2017-03-17,3271.867,3274.19,3232.281,3237.447,20058322300
2017-03-20,2017-03-20,3241.11,3251.127,3228.118,3250.808,17054843000
2017-03-21,2017-03-21,3250.247,3262.221,3246.696,3261.611,16271930600
2017-03-22,2017-03-22,3246.223,3255.778,3229.128,3245.22,18973164900
2017-03-23,2017-03-23,3245.808,3262.091,3221.934,3248.55,19302914400
2017-03-24,2017-03-24,3247.35,3275.207,3241.123,3269.445,21977791400
2017-03-27,2017-03-27,3268.924,3283.239,3262.118,3266.955,20185267500
2017-03-28,2017-03-28,3265.634,3265.634,3246.086,3252.948,16171001300
2017-03-29,2017-03-29,3252.865,3262.098,3233.28,3241.314,21610557500
2017-03-30,2017-03-30,3235.137,3240.017,3195.852,3210.237,24713547900
2017-03-31,2017-03-31,3206.253,3226.248,3205.537,3222.514,19644292200
2017-04-05,2017-04-05,3235.66,3270.645,3233.237,3270.305,24832020200
2017-04-06,2017-04-06,3272.193,3286.674,3265.765,3281.005,24528799900
2017-04-07,2017-04-07,3280.624,3295.187,3275.051,3286.616,23610894200
2017-04-10,2017-04-10,3285.459,3285.459,3265.012,3269.393,23269461600
2017-04-11,2017-04-11,3266.222,3290.389,3244.405,3288.966,28128124800
2017-04-12,2017-04-12,3283.837,3284.934,3262.277,3273.83,26938179000
2017-04-13,2017-04-13,3265.218,3281.137,3261.49,3275.96,20734687500
2017-04-14,2017-04-14,3276.138,3276.711,3238.896,3246.067,21450855800
2017-04-17,2017-04-17,3229.949,3229.949,3199.912,3222.167,21273718900
2017-04-18,2017-04-18,3215.396,3225.055,3196.488,3196.713,18866135300
2017-04-19,2017-04-19,3184.666,3189.437,3147.066,3170.687,21323807500
2017-04-20,2017-04-20,3165.665,3178.183,3148.184,3172.1,19087398500
2017-04-21,2017-04-21,3170.29,3180.794,3158.629,3173.151,16476174000
2017-04-24,2017-04-24,3164.248,3164.248,3111.215,3129.531,18627743400
2017-04-25,2017-04-25,3123.894,3145.267,3117.449,3134.567,15341830700
2017-04-26,2017-04-26,3132.918,3152.953,3131.418,3140.847,16987810700
2017-04-27,2017-04-27,3131.35,3155.003,3097.333,3152.187,21179307300
2017-04-28,2017-04-28,3144.022,3154.727,3136.578,3154.658,16288989900
2017-05-02,2017-05-02,3147.228,3154.781,3136.539,3143.712,15422296200
2017-05-03,2017-05-03,3138.307,3148.286,3123.751,3135.346,16376392400
2017-05-04,2017-05-04,3127.106,3143.818,3111.391,3127.369,17796748500
2017-05-05,2017-05-05,3114.774,3117.614,3092.092,3103.038,17621364100
2017-05-08,2017-05-08,3090.065,3093.452,3067.694,3078.613,18052690400
2017-05-09,2017-05-09,3064.848,3084.208,3056.558,3080.527,13506667400
2017-05-10,2017-05-10,3078.173,3090.819,3051.59,3052.785,16079445200
2017-05-11,2017-05-11,3036.789,3063.564,3016.531,3061.5,19134190100
2017-05-12,2017-05-12,3054.112,3090.491,3051.871,3083.513,15968409900
2017-05-15,2017-05-15,3085.932,3098.913,3085.932,3090.229,13566072800
2017-05-16,2017-05-16,3082.872,3113.512,3060.534,3112.964,17377556400
2017-05-17,2017-05-17,3107.802,3119.582,3101.295,3104.442,16867415800
2017-05-18,2017-05-18,3082.329,3103.441,3077.963,3090.139,14862003500
2017-05-19,2017-05-19,3086.705,3095.483,3081.278,3090.631,12963523000
2017-05-22,2017-05-22,3087.171,3103.938,3063.153,3075.676,15368373000
2017-05-23,2017-05-23,3069.394,3084.235,3050.842,3061.947,17831059900
2017-05-24,2017-05-24,3047.568,3064.813,3022.303,3064.076,13981335300
2017-05-25,2017-05-25,3055.343,3114.658,3052.831,3107.831,19139184100
2017-05-26,2017-05-26,3101.286,3120.663,3100.388,3110.059,15592348600
2017-05-31,2017-05-31,3125.325,3143.279,3111.556,3117.178,15295043000
2017-06-01,2017-06-01,3108.421,3113.521,3097.679,3102.623,16301571900
2017-06-02,2017-06-02,3094.225,3110.389,3081.849,3105.54,14250492500
2017-06-05,2017-06-05,3102.11,3105.506,3084.83,3091.656,13257030000
2017-06-06,2017-06-06,3084.54,3102.863,3078.787,3102.126,11343996300
2017-06-07,2017-06-07,3101.761,3140.774,3098.951,3140.325,17322901400
2017-06-08,2017-06-08,3136.471,3153.264,3132.828,3150.334,15227765900
2017-06-09,2017-06-09,3147.453,3165.92,3146.108,3158.4,16013633400
2017-06-12,2017-06-12,3149.527,3164.95,3135.314,3139.877,14672942500
2017-06-13,2017-06-13,3134.009,3155.99,3131.043,3153.743,12831827900
2017-06-14,2017-06-14,3146.748,3149.173,3125.355,3130.674,13834704200
2017-06-15,2017-06-15,3125.587,3137.585,3117.084,3132.486,14695424500
2017-06-16,2017-06-16,3126.373,3134.251,3117.857,3123.166,12965275800
2017-06-19,2017-06-19,3122.158,3146.77,3121.779,3144.374,13489175800
2017-06-20,2017-06-20,3148.019,3150.465,3134.611,3140.014,14119180200
2017-06-21,2017-06-21,3148.986,3157.028,3132.617,3156.212,13668826800
2017-06-22,2017-06-22,3152.242,3186.982,3146.643,3147.453,19134400600
2017-06-23,2017-06-23,3138.444,3158.047,3118.095,3157.873,15484364800
2017-06-26,2017-06-26,3157.002,3187.889,3156.977,3185.444,17357921100
2017-06-27,2017-06-27,3183.42,3193.461,3172.463,3191.197,14820119800
2017-06-28,2017-06-28,3183.633,3193.44,3170.786,3173.201,14651672000
2017-06-29,2017-06-29,3174.981,3188.774,3174.284,3188.063,12875547000
2017-06-30,2017-06-30,3176.948,3193.241,3171.57,3192.427,12146454300
2017-07-03,2017-07-03,3191.998,3196.286,3177.024,3195.912,14030571700
2017-07-04,2017-07-04,3192.889,3193.064,3174.314,3182.804,14111496700
2017-07-05,2017-07-05,3179.217,3207.31,3174.708,3207.134,14829648300
2017-07-06,2017-07-06,3203.863,3215.95,3188.773,3212.444,17580928700
2017-07-07,2017-07-07,3203.823,3219.523,3195.291,3217.957,17671541600
2017-07-10,2017-07-10,3208.463,3223.34,3203.209,3212.632,19892801000
2017-07-11,2017-07-11,3201.517,3226.908,3199.224,3203.038,18783726200
2017-07-12,2017-07-12,3201.929,3215.196,3177.935,3197.544,18690088000
2017-07-13,2017-07-13,3192.362,3219.268,3190.339,3218.163,19530361100
2017-07-14,2017-07-14,3212.032,3222.978,3204.853,3222.417,16012677300
2017-07-17,2017-07-17,3219.791,3230.354,3139.504,3176.465,26620527400
2017-07-18,2017-07-18,3159.732,3187.671,3150.128,3187.567,19062306000
2017-07-19,2017-07-19,3181.402,3232.941,3179.73,3230.976,27242072600
2017-07-20,2017-07-20,3227.506,3246.236,3225.433,3244.865,23210839200
2017-07-21,2017-07-21,3236.588,3247.712,3231.956,3237.982,20600325100
2017-07-24,2017-07-24,3230.898,3261.105,3230.071,3250.599,23305639900
2017-07-25,2017-07-25,3249.138,3261.645,3233.138,3243.689,20557387300
2017-07-26,2017-07-26,3244.461,3264.848,3228.039,3247.675,21354200500
2017-07-27,2017-07-27,3243.765,3251.926,3220.637,3249.781,22848594500
2017-07-28,2017-07-28,3240.173,3256.371,3232.963,3253.24,18222688000
2017-07-31,2017-07-31,3252.752,3276.946,3251.194,3273.028,24603944000
2017-08-01,2017-08-01,3274.369,3292.638,3273.504,3292.638,23719459400
2017-08-02,2017-08-02,3288.518,3305.431,3282.038,3285.057,26673062800
2017-08-03,2017-08-03,3279.986,3293.369,3262.155,3272.929,23327700400
2017-08-04,2017-08-04,3269.318,3287.193,3261.307,3262.081,27590634000
2017-08-07,2017-08-07,3257.67,3280.104,3243.715,3279.457,23117337900
2017-08-08,2017-08-08,3277.189,3285.483,3269.658,3281.873,25204353700
2017-08-09,2017-08-09,3277.808,3277.943,3263.847,3275.573,23559790700
2017-08-10,2017-08-10,3269.735,3282.519,3236.183,3261.749,24068462200
2017-08-11,2017-08-11,3237.922,3245.116,3200.748,3208.541,26296299500
2017-08-14,2017-08-14,3206.044,3240.052,3206.044,3237.36,19034679600
2017-08-15,2017-08-15,3235.23,3263.589,3235.101,3251.262,18229799700
2017-08-16,2017-08-16,3247.853,3248.785,3228.871,3246.451,17685205100
2017-08-17,2017-08-17,3253.846,3269.139,3251.459,3268.43,20362255100
2017-08-18,2017-08-18,3253.243,3275.076,3248.083,3268.724,19112248300
2017-08-21,2017-08-21,3274.581,3287.519,3270.475,3286.906,18612248300
2017-08-22,2017-08-22,3287.615,3293.476,3274.941,3290.226,18653799100
2017-08-23,2017-08-23,3283.797,3299.457,3274.44,3287.705,17983220800
2017-08-24,2017-08-24,3287.959,3297.989,3266.359,3271.512,16346893700
2017-08-25,2017-08-25,3271.461,3331.915,3271.461,3331.522,20583948200
2017-08-28,2017-08-28,3336.126,3375.034,3336.126,3362.651,25746143800
2017-08-29,2017-08-29,3362.06,3374.595,3354.463,3365.226,21950453500
2017-08-30,2017-08-30,3361.821,3376.648,3357.08,3363.627,24686331200
2017-08-31,2017-08-31,3361.462,3367.358,3340.687,3360.81,23441978100
2017-09-01,2017-09-01,3365.991,3381.925,3358.472,3367.119,28249758400
2017-09-04,2017-09-04,3369.719,3381.403,3359.131,3379.583,26742784900
2017-09-05,2017-09-05,3377.197,3390.823,3371.571,3384.317,21655294600
2017-09-06,2017-09-06,3372.428,3391.011,3364.765,3385.389,22909078500
2017-09-07,2017-09-07,3383.628,3387.796,3363.177,3365.497,22111868500
2017-09-08,2017-09-08,3364.428,3380.89,3353.688,3365.243,19840518400
2017-09-11,2017-09-11,3365.351,3384.81,3360.046,3376.419,21901101900
2017-09-12,2017-09-12,3381.487,3391.069,3370.852,3379.488,27291031900
2017-09-13,2017-09-13,3374.719,3387.14,3366.541,3384.147,19455071500
2017-09-14,2017-09-14,3383.47,3391.644,3361.334,3371.426,22130648700
2017-09-15,2017-09-15,3365.145,3365.528,3345.328,3353.619,21976581600
2017-09-18,2017-09-18,3352.513,3371.749,3352.513,3362.859,19031967600
2017-09-19,2017-09-19,3365.532,3370.401,3344.705,3356.845,19112969100
2017-09-20,2017-09-20,3352.185,3370.098,3346.536,3365.996,19219666100
2017-09-21,2017-09-21,3364.698,3377.884,3356.875,3357.812,19744869500
2017-09-22,2017-09-22,3347.157,3356.451,3334.985,3352.529,17923400700
2017-09-25,2017-09-25,3344.589,3350.961,3334.944,3341.549,16962129300
2017-09-26,2017-09-26,3336.35,3347.163,3332.599,3343.583,13262859500
2017-09-27,2017-09-27,3340.822,3349.695,3340.299,3345.272,14308694500
2017-09-28,2017-09-28,3343.845,3344.601,3336.178,3339.642,14944430000
2017-09-29,2017-09-29,3340.311,3357.015,3340.311,3348.943,14486244300
2017-10-09,2017-10-09,3403.246,3410.17,3366.965,3374.378,19173605700
2017-10-10,2017-10-10,3373.345,3384.026,3358.795,3382.988,17942384100
2017-10-11,2017-10-11,3381.488,3395.779,3379.163,3388.284,18147670400
2017-10-12,2017-10-12,3385.533,3390.204,3372.533,3386.1,16180938000
2017-10-13,2017-10-13,3384.488,3395.748,3383.239,3390.523,13995476400
2017-10-16,2017-10-16,3393.206,3400.511,3374.769,3378.47,17433062000
2017-10-17,2017-10-17,3373.234,3382.407,3365.565,3372.041,12538172500
2017-10-18,2017-10-18,3373.528,3383.232,3371.925,3381.794,15722879100
2017-10-19,2017-10-19,3374.644,3378.736,3359.628,3370.172,15847649500
2017-10-20,2017-10-20,3363.514,3379.765,3360.1,3378.648,12717285100
2017-10-23,2017-10-23,3382.28,3385.285,3374.705,3380.699,13084628900
2017-10-24,2017-10-24,3376.599,3388.689,3374.125,3388.248,13989751100
2017-10-25,2017-10-25,3384.858,3398.304,3382.034,3396.898,12313122200
2017-10-26,2017-10-26,3397.519,3414.242,3391.455,3407.567,18376862500
2017-10-27,2017-10-27,3404.498,3421.103,3402.114,3416.812,17025717300
2017-10-30,2017-10-30,3413.868,3419.732,3357.276,3390.337,20834928600
2017-10-31,2017-10-31,3380.999,3397.099,3376.124,3393.342,15349820600
2017-11-01,2017-11-01,3393.968,3410.352,3388.598,3395.913,18056612700
2017-11-02,2017-11-02,3391.652,3391.652,3372.213,3383.31,16686426700
2017-11-03,2017-11-03,3377.736,3380.57,3347.36,3371.744,17271479000
2017-11-06,2017-11-06,3369.685,3389.383,3356.534,3388.174,15463646800
2017-11-07,2017-11-07,3389.472,3415.148,3387.946,3413.575,19057174600
2017-11-08,2017-11-08,3409.147,3434.492,3404.881,3415.46,18543647000
2017-11-09,2017-11-09,3410.672,3428.77,3408.619,3427.795,15865042600
2017-11-10,2017-11-10,3423.185,3438.792,3414.329,3432.673,18927650300
2017-11-13,2017-11-13,3435.184,3449.164,3435.085,3447.836,20538905400
2017-11-14,2017-11-14,3446.545,3450.495,3419.692,3429.548,19647267400
2017-11-15,2017-11-15,3416.211,3423.75,3396.381,3402.525,16879207600
2017-11-16,2017-11-16,3393.194,3409.653,3390.589,3399.25,15668433200
2017-11-17,2017-11-17,3392.683,3403.286,3373.296,3382.908,24945815300
2017-11-20,2017-11-20,3361.356,3393.106,3337.116,3392.399,17652468300
2017-11-21,2017-11-21,3382.36,3419.802,3377.599,3410.498,19687180300
2017-11-22,2017-11-22,3417.331,3442.178,3404.287,3430.464,21356709300
2017-11-23,2017-11-23,3425.009,3429.424,3342.332,3351.918,21526539300
2017-11-24,2017-11-24,3340.384,3360.746,3328.334,3353.821,15956966300
2017-11-27,2017-11-27,3346.657,3347.051,3315.264,3322.23,16643917000
2017-11-28,2017-11-28,3311.232,3333.8,3300.781,3333.657,13824779900
2017-11-29,2017-11-29,3335.567,3343.062,3305.572,3337.862,18380593200
2017-11-30,2017-11-30,3328.643,3340.92,3306.283,3317.188,15659585100
2017-12-01,2017-12-01,3315.105,3324.516,3302.44,3317.617,13919830000
2017-12-04,2017-12-04,3310.381,3323.996,3304.103,3309.618,14805328800
2017-12-05,2017-12-05,3301.691,3315.737,3300.512,3303.675,20827886200
2017-12-06,2017-12-06,3291.313,3296.201,3254.611,3293.965,15160445200
2017-12-07,2017-12-07,3283.279,3291.282,3259.164,3272.054,13210590000
2017-12-08,2017-12-08,3264.478,3297.13,3258.759,3289.992,13320931400
2017-12-11,2017-12-11,3290.488,3322.674,3288.295,3322.196,13196598400
2017-12-12,2017-12-12,3320.31,3320.31,3280.329,3280.814,12460482700
2017-12-13,2017-12-13,3278.397,3304.01,3273.325,3303.037,11199864700
2017-12-14,2017-12-14,3302.932,3309.53,3282.573,3292.439,12054423500
2017-12-15,2017-12-15,3287.529,3287.529,3259.388,3266.137,13094061800
2017-12-18,2017-12-18,3268.034,3280.544,3254.178,3267.922,12070038900
2017-12-19,2017-12-19,3266.019,3296.94,3266.019,3296.538,11514013400
2017-12-20,2017-12-20,3296.74,3300.212,3276.12,3287.606,13774511800
2017-12-21,2017-12-21,3281.118,3309.223,3267.404,3300.059,14212792700
2017-12-22,2017-12-22,3297.685,3307.328,3293.442,3297.063,12404732600
2017-12-25,2017-12-25,3296.211,3312.3,3270.441,3280.461,14689363500
2017-12-26,2017-12-26,3277.837,3307.299,3274.327,3306.125,14243450100
2017-12-27,2017-12-27,3302.461,3307.08,3270.349,3275.783,16267489000
2017-12-28,2017-12-28,3272.291,3304.096,3263.728,3296.385,17537167000
2017-12-29,2017-12-29,3295.246,3308.225,3292.77,3307.172,14158683600
2018-01-02,2018-01-02,3314.031,3349.053,3314.031,3348.326,20227886000
2018-01-03,2018-01-03,3347.743,3379.915,3345.289,3369.108,21383614900
2018-01-04,2018-01-04,3371.0,3392.826,3365.295,3385.71,20695528800
2018-01-05,2018-01-05,3386.464,3402.069,3380.245,3391.75,21306068100
2018-01-08,2018-01-08,3391.553,3412.731,3384.559,3409.48,23616510600
2018-01-09,2018-01-09,3406.112,3417.228,3403.587,3413.9,19148855100
2018-01-10,2018-01-10,3414.113,3430.214,3398.842,3421.834,20909499700
2018-01-11,2018-01-11,3415.585,3426.483,3405.639,3425.345,17381213300
2018-01-12,2018-01-12,3423.879,3435.424,3417.98,3428.941,17406340400
2018-01-15,2018-01-15,3428.951,3442.501,3402.312,3410.488,23200928300
2018-01-16,2018-01-16,3403.469,3437.583,3401.961,3436.594,21147546800
2018-01-17,2018-01-17,3438.576,3465.205,3430.511,3444.671,26104503000
2018-01-18,2018-01-18,3449.881,3476.546,3448.789,3474.754,22003955500
2018-01-19,2018-01-19,3481.62,3498.434,3474.292,3487.864,24753673300
2018-01-22,2018-01-22,3476.994,3503.386,3475.673,3501.362,21748753400
2018-01-23,2018-01-23,3504.344,3547.222,3504.344,3546.505,23870590400
2018-01-24,2018-01-24,3553.479,3569.489,3527.112,3559.465,25295449600
2018-01-25,2018-01-25,3555.168,3571.481,3528.035,3548.307,24341342200
2018-01-26,2018-01-26,3535.493,3574.905,3534.195,3558.129,22269829500
2018-01-29,2018-01-29,3563.64,3587.032,3510.269,3523.001,23602696500
2018-01-30,2018-01-30,3511.501,3523.051,3484.656,3488.009,18636997500
2018-01-31,2018-01-31,3470.509,3495.453,3454.726,3480.833,20725340300
2018-02-01,2018-02-01,3478.67,3495.093,3424.419,3446.98,26050470700
2018-02-02,2018-02-02,3419.225,3463.164,3388.86,3462.081,20812055100
2018-02-05,2018-02-05,3411.67,3487.721,3406.241,3487.497,21767375400
2018-02-06,2018-02-06,3418.01,3440.124,3364.216,3370.652,28055547700
2018-02-07,2018-02-07,3412.744,3425.538,3304.007,3309.26,26093971400
2018-02-08,2018-02-08,3281.046,3307.162,3225.712,3262.05,20126249900
2018-02-09,2018-02-09,3172.851,3180.11,3062.743,3129.851,25638917600
2018-02-12,2018-02-12,3128.371,3168.126,3113.605,3154.125,15331083100
2018-02-13,2018-02-13,3176.107,3219.217,3176.107,3184.959,15152759700
2018-02-14,2018-02-14,3188.248,3203.497,3171.384,3199.159,10032282700
2018-02-22,2018-02-22,3237.569,3269.916,3234.115,3268.559,13873044500
2018-02-23,2018-02-23,3275.429,3294.134,3258.488,3289.024,14579036800
2018-02-26,2018-02-26,3307.295,3335.986,3281.615,3329.574,18856860200
2018-02-27,2018-02-27,3328.672,3328.672,3284.629,3292.068,17421936800
2018-02-28,2018-02-28,3264.059,3277.832,3239.844,3259.408,15104353600
2018-03-01,2018-03-01,3235.089,3280.149,3228.585,3273.755,15909832000
2018-03-02,2018-03-02,3248.446,3269.938,3242.267,3254.528,15086106300
2018-03-05,2018-03-05,3255.871,3269.4,3236.717,3256.926,14483598800
2018-03-06,2018-03-06,3266.487,3290.253,3243.654,3289.642,19535804600
2018-03-07,2018-03-07,3288.865,3308.406,3264.764,3271.668,16866501900
2018-03-08,2018-03-08,3268.347,3289.497,3261.552,3288.406,14982751900
2018-03-09,2018-03-09,3291.426,3309.715,3283.559,3307.166,16842450900
2018-03-12,2018-03-12,3319.209,3333.561,3313.555,3326.699,20653243600
2018-03-13,2018-03-13,3324.122,3333.875,3307.376,3310.239,17711435300
2018-03-14,2018-03-14,3298.666,3304.979,3287.356,3291.382,15749108500
2018-03-15,2018-03-15,3277.514,3297.098,3273.201,3291.112,14857360600
2018-03-16,2018-03-16,3290.209,3300.565,3269.283,3269.882,14120364700
2018-03-19,2018-03-19,3264.928,3280.567,3251.047,3279.252,13795498000
2018-03-20,2018-03-20,3257.219,3292.574,3252.433,3290.64,13988108100
2018-03-21,2018-03-21,3299.731,3314.209,3268.878,3280.952,16839827700
2018-03-22,2018-03-22,3281.265,3288.797,3242.762,3263.48,15043297700
2018-03-23,2018-03-23,3172.772,3188.235,3110.664,3152.761,27553201300
2018-03-26,2018-03-26,3117.319,3134.276,3091.458,3133.722,18636635000
2018-03-27,2018-03-27,3164.798,3172.778,3143.57,3166.649,18907338300
2018-03-28,2018-03-28,3130.571,3165.213,3117.534,3122.29,16350048800
2018-03-29,2018-03-29,3127.263,3174.509,3098.247,3160.531,17031238400
2018-03-30,2018-03-30,3161.786,3177.721,3152.889,3168.897,15464659600
2018-04-02,2018-04-02,3169.779,3192.34,3159.986,3163.179,17772777700
2018-04-03,2018-04-03,3130.013,3144.332,3119.132,3136.633,15221667400
2018-04-04,2018-04-04,3147.049,3163.34,3128.867,3131.111,14697668200
2018-04-09,2018-04-09,3125.442,3146.093,3110.303,3138.294,13960862100
2018-04-10,2018-04-10,3144.257,3190.649,3139.081,3190.322,16820135900
2018-04-11,2018-04-11,3197.372,3220.845,3191.587,3208.082,17586719700
2018-04-12,2018-04-12,3203.278,3205.252,3177.049,3180.158,14823131300
2018-04-13,2018-04-13,3192.042,3197.896,3155.506,3159.052,12755231000
2018-04-16,2018-04-16,3152.888,3153.106,3096.1,3110.649,15441569500
2018-04-17,2018-04-17,3112.975,3118.76,3064.028,3066.797,14722284600
2018-04-18,2018-04-18,3091.91,3096.889,3041.625,3091.399,15929050300
2018-04-19,2018-04-19,3094.274,3127.439,3090.287,3117.376,16005680500
2018-04-20,2018-04-20,3105.462,3111.171,3065.921,3071.543,15514709100
2018-04-23,2018-04-23,3063.443,3085.057,3045.937,3068.012,13168634000
2018-04-24,2018-04-24,3069.746,3136.04,3069.746,3128.927,16227480600
2018-04-25,2018-04-25,3112.398,3122.908,3107.001,3117.974,12731105300
2018-04-26,2018-04-26,3119.496,3121.933,3067.929,3075.03,13397273600
2018-04-27,2018-04-27,3082.415,3088.035,3049.914,3082.232,13122564300
2018-05-02,2018-05-02,3087.409,3097.604,3064.763,3081.177,13418456600
2018-05-03,2018-05-03,3074.517,3105.66,3056.157,3100.859,13998562000
2018-05-04,2018-05-04,3093.117,3104.093,3086.785,3091.033,11871126500
2018-05-07,2018-05-07,3094.899,3136.836,3091.658,3136.645,13894818600
2018-05-08,2018-05-08,3135.296,3169.701,3134.062,3161.498,14692706100
2018-05-09,2018-05-09,3160.138,3165.373,3145.657,3159.15,12263726800
2018-05-10,2018-05-10,3169.05,3176.138,3155.533,3174.413,13300075600
2018-05-11,2018-05-11,3179.797,3180.756,3162.212,3163.263,13065974900
2018-05-14,2018-05-14,3167.042,3183.816,3163.476,3174.032,12932735300
2018-05-15,2018-05-15,3180.425,3192.807,3164.518,3192.118,12454905100
2018-05-16,2018-05-16,3180.226,3191.948,3166.811,3169.565,13052496800
2018-05-17,2018-05-17,3170.006,3172.766,3148.621,3154.283,11399556700
2018-05-18,2018-05-18,3151.082,3193.453,3144.776,3193.303,13651691800
2018-05-21,2018-05-21,3206.176,3219.74,3203.336,3213.84,16445941300
2018-05-22,2018-05-22,3211.247,3214.589,3192.228,3214.35,14429268400
2018-05-23,2018-05-23,3205.437,3205.437,3168.964,3168.964,15780764800
2018-05-24,2018-05-24,3167.939,3173.531,3152.069,3154.651,12408580000
2018-05-25,2018-05-25,3148.41,3156.726,3131.068,3141.303,12861084300
2018-05-28,2018-05-28,3136.809,3149.665,3115.959,3135.082,12875591800
2018-05-29,2018-05-29,3129.621,3143.208,3112.153,3120.461,13571780000
2018-05-30,2018-05-30,3081.142,3085.397,3041.0,3041.443,15511512600
2018-05-31,2018-05-31,3061.829,3098.076,3054.269,3095.474,14047553200
2018-06-01,2018-06-01,3084.754,3102.088,3059.786,3075.137,12987219900
2018-06-04,2018-06-04,3083.427,3098.402,3076.994,3091.191,11459390200
2018-06-05,2018-06-05,3088.008,3114.769,3080.046,3114.206,11873559200
2018-06-06,2018-06-06,3109.175,3117.525,3103.533,3115.18,12019613500
2018-06-07,2018-06-07,3121.184,3128.715,3105.578,3109.499,12778497000
2018-06-08,2018-06-08,3100.604,3100.685,3053.288,3067.148,13468822000
2018-06-11,2018-06-11,3057.339,3063.61,3037.914,3052.783,10856378600
2018-06-12,2018-06-12,3053.028,3081.447,3034.101,3079.802,11327509600
2018-06-13,2018-06-13,3071.464,3071.464,3044.12,3049.797,11960788600
2018-06-14,2018-06-14,3038.07,3066.047,3032.406,3044.16,11546948700
2018-06-15,2018-06-15,3037.452,3048.797,3008.732,3021.901,14453257100
2018-06-19,2018-06-19,2982.65,2984.971,2871.355,2907.822,23055006700
2018-06-20,2018-06-20,2889.984,2925.561,2872.163,2915.731,14430142000
2018-06-21,2018-06-21,2912.003,2940.586,2872.619,2875.81,15437833200
2018-06-22,2018-06-22,2855.585,2891.969,2837.144,2889.76,12614312900
2018-06-25,2018-06-25,2903.45,2908.624,2857.871,2859.336,12191768700
2018-06-26,2018-06-26,2829.995,2850.24,2803.785,2844.508,12591846800
2018-06-27,2018-06-27,2842.396,2854.258,2798.8,2813.178,12942083300
2018-06-28,2018-06-28,2799.904,2825.987,2782.446,2786.897,11835790700
2018-06-29,2018-06-29,2789.811,2848.372,2782.381,2847.418,12567168500
2018-07-02,2018-07-02,2841.58,2845.68,2756.815,2775.557,13703503400
2018-07-03,2018-07-03,2774.57,2786.888,2722.449,2786.888,14249846600
2018-07-04,2018-07-04,2776.632,2793.179,2754.155,2759.126,12326218100
2018-07-05,2018-07-05,2755.339,2777.523,2727.94,2733.882,12922611200
2018-07-06,2018-07-06,2731.353,2768.874,2691.021,2747.229,13629438000
2018-07-09,2018-07-09,2752.447,2815.79,2752.447,2815.11,12154930900
2018-07-10,2018-07-10,2819.712,2828.493,2800.625,2827.625,11706274800
2018-07-11,2018-07-11,2780.704,2794.36,2752.435,2777.771,12682114900
2018-07-12,2018-07-12,2771.041,2844.193,2771.041,2837.659,14698020000
2018-07-13,2018-07-13,2831.428,2835.463,2818.848,2831.184,11768934800
2018-07-16,2018-07-16,2827.082,2837.509,2804.493,2814.042,10776715100
2018-07-17,2018-07-17,2806.885,2806.919,2774.762,2798.126,10540922000
2018-07-18,2018-07-18,2801.777,2818.395,2786.04,2787.257,12096116500
2018-07-19,2018-07-19,2791.016,2805.011,2764.486,2772.545,11448649300
2018-07-20,2018-07-20,2769.754,2837.862,2753.84,2829.271,14590768800
2018-07-23,2018-07-23,2815.201,2863.571,2809.616,2859.542,17338279700
2018-07-24,2018-07-24,2862.267,2911.465,2862.267,2905.562,22957830700
2018-07-25,2018-07-25,2911.453,2912.313,2894.039,2903.647,16780020700
2018-07-26,2018-07-26,2905.794,2915.297,2875.701,2882.225,16842820200
2018-07-27,2018-07-27,2879.69,2889.694,2864.11,2873.594,14637161000
2018-07-30,2018-07-30,2871.94,2896.011,2850.296,2869.05,15165224900
2018-07-31,2018-07-31,2866.899,2884.68,2854.32,2876.401,11893111700
2018-08-01,2018-08-01,2882.506,2897.4,2823.929,2824.534,14951434800
2018-08-02,2018-08-02,2815.344,2815.344,2726.483,2768.024,17417900300
2018-08-03,2018-08-03,2763.396,2777.657,2740.432,2740.443,12700636300
2018-08-06,2018-08-06,2736.526,2760.474,2692.322,2705.157,12975305800
2018-08-07,2018-08-07,2711.736,2779.374,2696.039,2779.374,14957974300
2018-08-08,2018-08-08,2771.129,2779.912,2741.067,2744.07,14768871500
2018-08-09,2018-08-09,2729.579,2801.659,2726.215,2794.382,15166033300
2018-08-10,2018-08-10,2791.402,2806.115,2777.506,2795.31,12153223200
2018-08-13,2018-08-13,2769.017,2789.798,2742.56,2785.872,12753224100
2018-08-14,2018-08-14,2780.736,2789.444,2766.569,2780.965,10957107700
2018-08-15,2018-08-15,2777.249,2777.703,2721.24,2723.258,11616178700
2018-08-16,2018-08-16,2691.426,2732.949,2672.741,2705.192,12027787800
2018-08-17,2018-08-17,2723.887,2730.333,2665.592,2668.966,11244529400
2018-08-20,2018-08-20,2673.066,2698.466,2653.112,2698.466,11078416400
2018-08-21,2018-08-21,2700.342,2739.173,2696.292,2733.826,11358683900
2018-08-22,2018-08-22,2731.958,2731.958,2709.062,2714.608,9366464000
2018-08-23,2018-08-23,2714.867,2736.01,2700.804,2724.624,9844647000
2018-08-24,2018-08-24,2717.081,2748.824,2705.324,2729.431,10051626900
2018-08-27,2018-08-27,2736.319,2780.899,2736.319,2780.899,13276257800
2018-08-28,2018-08-28,2782.293,2791.39,2769.401,2777.981,11874936700
2018-08-29,2018-08-29,2774.865,2778.539,2762.35,2769.295,10015692900
2018-08-30,2018-08-30,2769.332,2780.527,2736.346,2737.737,10606094300
2018-08-31,2018-08-31,2730.113,2744.631,2710.537,2725.25,10975874200
2018-09-03,2018-09-03,2716.404,2722.852,2692.364,2720.734,10221301100
2018-09-04,2018-09-04,2720.648,2756.607,2712.376,2750.58,10901030700
2018-09-05,2018-09-05,2741.38,2745.467,2704.337,2704.337,10500226900
2018-09-06,2018-09-06,2697.578,2719.406,2683.745,2691.593,9901783300
2018-09-07,2018-09-07,2696.678,2728.546,2683.719,2702.301,10752329300
2018-09-10,2018-09-10,2698.011,2703.429,2667.317,2669.485,10355917000
2018-09-11,2018-09-11,2668.487,2680.573,2652.704,2664.8,9986594600
2018-09-12,2018-09-12,2659.744,2672.074,2647.17,2656.11,9002675800
2018-09-13,2018-09-13,2679.208,2689.062,2653.189,2686.578,10733501400
2018-09-14,2018-09-14,2688.779,2694.92,2675.29,2681.643,10000500800
2018-09-17,2018-09-17,2671.291,2671.291,2647.915,2651.789,8823888800
2018-09-18,2018-09-18,2644.296,2700.193,2644.296,2699.95,11576799300
2018-09-19,2018-09-19,2694.799,2746.08,2690.994,2730.85,14155031800
2018-09-20,2018-09-20,2732.17,2743.965,2724.084,2729.244,11138746300
2018-09-21,2018-09-21,2733.874,2797.485,2722.032,2797.485,15801664200
2018-09-25,2018-09-25,2775.066,2790.032,2771.16,2781.139,11198317900
2018-09-26,2018-09-26,2785.317,2827.341,2783.342,2806.813,13956770600
2018-09-27,2018-09-27,2805.793,2810.506,2786.322,2791.775,12399769600
2018-09-28,2018-09-28,2794.264,2821.755,2791.836,2821.35,13429045600
2018-10-08,2018-10-08,2768.208,2771.938,2710.178,2716.51,14950138800
2018-10-09,2018-10-09,2713.732,2734.314,2711.197,2721.013,11677189900
2018-10-10,2018-10-10,2723.724,2743.548,2703.063,2725.837,11348573600
2018-10-11,2018-10-11,2643.074,2661.286,2560.316,2583.458,19715070200
2018-10-12,2018-10-12,2574.042,2615.917,2536.665,2606.913,17008163500
2018-10-15,2018-10-15,2605.912,2611.969,2564.738,2568.098,11857619700
2018-10-16,2018-10-16,2567.764,2597.715,2536.441,2546.33,11941914400
2018-10-17,2018-10-17,2574.313,2582.549,2517.573,2561.614,12995399700
2018-10-18,2018-10-18,2544.911,2544.911,2485.619,2486.419,12542851300
2018-10-19,2018-10-19,2460.081,2553.387,2449.197,2550.465,14732355800
2018-10-22,2018-10-22,2565.644,2675.406,2565.644,2654.876,21188844900
2018-10-23,2018-10-23,2652.648,2659.812,2583.261,2594.826,17834354300
2018-10-24,2018-10-24,2579.972,2640.402,2577.773,2603.295,16006040700
2018-10-25,2018-10-25,2540.935,2606.101,2531.535,2603.8,16203297900
2018-10-26,2018-10-26,2610.898,2626.116,2580.845,2598.847,15893611900
2018-10-29,2018-10-29,2593.591,2595.537,2529.188,2542.103,13424192300
2018-10-30,2018-10-30,2538.574,2586.919,2521.784,2568.048,16668230900
2018-10-31,2018-10-31,2573.015,2612.922,2567.027,2602.783,18055034800
2018-11-01,2018-11-01,2617.033,2636.799,2603.651,2606.237,20090393200
2018-11-02,2018-11-02,2649.251,2676.476,2628.87,2676.476,22502692100
2018-11-05,2018-11-05,2665.427,2673.188,2639.271,2665.431,19376010000
2018-11-06,2018-11-06,2660.719,2660.863,2635.321,2659.356,16366947900
2018-11-07,2018-11-07,2659.845,2675.677,2639.246,2641.342,17320198600
2018-11-08,2018-11-08,2660.087,2662.369,2632.301,2635.632,15963548700
2018-11-09,2018-11-09,2621.238,2621.238,2598.161,2598.872,15244630700
2018-11-12,2018-11-12,2593.2,2631.17,2590.211,2630.52,17503130800
2018-11-13,2018-11-13,2600.5,2666.485,2597.348,2654.88,24928244700
2018-11-14,2018-11-14,2648.309,2658.307,2627.957,2632.243,23844935100
2018-11-15,2018-11-15,2632.138,2668.17,2631.888,2668.17,20784872100
2018-11-16,2018-11-16,2669.78,2695.569,2657.034,2679.11,24219884900
2018-11-19,2018-11-19,2681.899,2703.512,2674.178,2703.512,23166282700
2018-11-20,2018-11-20,2684.287,2690.83,2643.359,2645.855,21589130900
2018-11-21,2018-11-21,2619.821,2653.796,2617.776,2651.505,18259644700
2018-11-22,2018-11-22,2655.896,2658.001,2634.483,2645.434,14930906300
2018-11-23,2018-11-23,2640.667,2642.036,2577.351,2579.483,19147454900
2018-11-26,2018-11-26,2580.842,2594.997,2568.035,2575.81,13431454000
2018-11-27,2018-11-27,2585.826,2592.535,2566.166,2574.679,12365843600
2018-11-28,2018-11-28,2575.454,2601.963,2561.562,2601.737,14596347300
2018-11-29,2018-11-29,2613.781,2617.548,2567.443,2567.443,15716873800
2018-11-30,2018-11-30,2564.564,2590.21,2555.322,2588.188,13932902100
2018-12-03,2018-12-03,2647.132,2665.298,2629.184,2654.798,20747895500
2018-12-04,2018-12-04,2651.561,2666.078,2644.896,2665.958,16794055800
2018-12-05,2018-12-05,2629.833,2660.389,2625.913,2649.805,15450205600
2018-12-06,2018-12-06,2629.82,2633.678,2603.132,2605.181,14166165000
2018-12-07,2018-12-07,2609.341,2614.582,2599.278,2605.888,10907499300
2018-12-10,2018-12-10,2589.194,2599.762,2576.242,2584.582,11319966900
2018-12-11,2018-12-11,2587.015,2596.146,2583.196,2594.088,10130436400
2018-12-12,2018-12-12,2608.114,2610.009,2595.075,2602.153,10351830100
2018-12-13,2018-12-13,2607.144,2645.837,2599.459,2634.049,15073811500
2018-12-14,2018-12-14,2627.283,2629.164,2593.741,2593.741,14594248800
2018-12-17,2018-12-17,2587.263,2598.967,2573.867,2597.974,11736325000
2018-12-18,2018-12-18,2583.634,2599.148,2563.573,2576.65,11703337000
2018-12-19,2018-12-19,2578.675,2579.874,2547.078,2549.563,10766179700
2018-12-20,2018-12-20,2544.505,2554.859,2516.019,2536.268,12056649600
2018-12-21,2018-12-21,2526.554,2527.421,2498.694,2516.251,11567120000
2018-12-24,2018-12-24,2506.737,2529.44,2500.443,2527.007,9733985200
2018-12-25,2018-12-25,2503.95,2513.964,2462.845,2504.819,14067056000
2018-12-26,2018-12-26,2501.12,2513.826,2492.076,2498.294,10879962900
2018-12-27,2018-12-27,2527.717,2532.002,2483.086,2483.086,13540684300
2018-12-28,2018-12-28,2483.617,2505.114,2478.325,2493.896,11924525000
2019-01-02,2019-01-02,2497.881,2500.278,2456.423,2465.291,10993201300
2019-01-03,2019-01-03,2461.783,2488.479,2455.926,2464.363,12439749700
2019-01-04,2019-01-04,2446.019,2515.316,2440.907,2514.868,16887766700
2019-01-07,2019-01-07,2528.699,2536.978,2515.508,2533.089,17730501000
2019-01-08,2019-01-08,2530.3,2531.345,2520.165,2526.462,15809918100
2019-01-09,2019-01-09,2536.417,2574.408,2536.157,2544.345,19188793000
2019-01-10,2019-01-10,2543.853,2551.826,2531.664,2535.099,15987432600
2019-01-11,2019-01-11,2539.549,2554.787,2533.359,2553.831,14944410000
2019-01-14,2019-01-14,2553.328,2556.294,2533.01,2535.765,14482546400
2019-01-15,2019-01-15,2537.37,2571.502,2532.433,2570.345,16026553000
2019-01-16,2019-01-16,2569.07,2574.236,2563.006,2570.422,14930153900
2019-01-17,2019-01-17,2573.576,2582.556,2557.711,2559.637,16246813400
2019-01-18,2019-01-18,2567.739,2598.884,2565.904,2596.006,19076723700
2019-01-21,2019-01-21,2599.058,2618.98,2599.058,2610.509,16342511500
2019-01-22,2019-01-22,2609.642,2609.642,2573.062,2579.704,15253777300
2019-01-23,2019-01-23,2575.258,2589.513,2572.405,2581.004,13142679800
2019-01-24,2019-01-24,2584.648,2597.289,2569.7,2591.694,15404204600
2019-01-25,2019-01-25,2596.262,2617.002,2595.629,2601.723,15939402600
2019-01-28,2019-01-28,2615.712,2630.318,2591.1,2596.977,14698176500
2019-01-29,2019-01-29,2592.355,2601.736,2559.982,2594.254,15558111200
2019-01-30,2019-01-30,2584.746,2598.815,2575.409,2575.576,12050257100
2019-01-31,2019-01-31,2581.332,2606.628,2571.579,2584.572,15430386900
2019-02-01,2019-02-01,2597.778,2618.477,2590.554,2618.232,13198685000
2019-02-11,2019-02-11,2613.174,2654.096,2613.174,2653.896,15489885800
2019-02-12,2019-02-12,2654.035,2674.478,2648.83,2671.894,18410117900
2019-02-13,2019-02-13,2674.52,2727.075,2666.522,2721.068,24379401000
2019-02-14,2019-02-14,2715.536,2729.455,2707.487,2719.7,19703734900
2019-02-15,2019-02-15,2712.786,2715.632,2679.785,2682.385,19600426500
2019-02-18,2019-02-18,2699.817,2754.357,2699.817,2754.357,26043600700
2019-02-19,2019-02-19,2759.496,2780.784,2737.586,2755.646,28804627100
2019-02-20,2019-02-20,2761.059,2767.411,2739.978,2761.219,24597252700
2019-02-21,2019-02-21,2759.938,2794.013,2744.976,2751.801,29864996900
2019-02-22,2019-02-22,2749.462,2804.226,2736.332,2804.226,30148141100
2019-02-25,2019-02-25,2838.39,2961.795,2838.39,2961.283,52865859000
2019-02-26,2019-02-26,2969.098,2995.676,2938.623,2941.516,56555796700
2019-02-27,2019-02-27,2939.929,2997.488,2924.643,2953.824,47497645300
2019-02-28,2019-02-28,2950.055,2965.304,2930.195,2940.954,35020660200
2019-03-01,2019-03-01,2954.402,2994.005,2930.835,2994.005,34578620000
2019-03-04,2019-03-04,3015.943,3090.796,3006.942,3027.576,52564943600
2019-03-05,2019-03-05,3019.88,3054.962,3009.448,3054.247,42414252900
2019-03-06,2019-03-06,3060.433,3103.825,3050.111,3102.099,55500636500
2019-03-07,2019-03-07,3103.668,3129.94,3074.978,3106.418,58381706500
2019-03-08,2019-03-08,3038.336,3075.046,2969.582,2969.861,57785547300
2019-03-11,2019-03-11,2969.08,3028.254,2963.583,3026.993,42621302900
2019-03-12,2019-03-12,3049.084,3093.391,3029.9,3060.307,51117315800
2019-03-13,2019-03-13,3062.327,3065.288,3013.932,3026.951,45321462500
2019-03-14,2019-03-14,3013.597,3041.156,2968.824,2990.685,37314179800
2019-03-15,2019-03-15,3000.879,3048.121,2999.432,3021.751,34120613900
2019-03-18,2019-03-18,3027.801,3096.418,3009.507,3096.418,39779717900
2019-03-19,2019-03-19,3099.897,3113.433,3076.363,3090.975,35090886000
2019-03-20,2019-03-20,3084.17,3102.52,3053.452,3090.64,35855750500
2019-03-21,2019-03-21,3094.125,3125.019,3086.85,3101.455,41425118200
2019-03-22,2019-03-22,3100.726,3107.275,3064.884,3104.149,36484834600
2019-03-25,2019-03-25,3058.802,3086.996,3041.95,3043.031,38027876200
2019-03-26,2019-03-26,3057.559,3062.69,2988.491,2997.095,35349802100
2019-03-27,2019-03-27,3012.257,3022.762,2987.772,3022.72,29139035700
2019-03-28,2019-03-28,3009.799,3025.779,2991.779,2994.943,28810642500
2019-03-29,2019-03-29,3000.678,3093.033,2999.987,3090.758,37508299100
2019-04-01,2019-04-01,3111.662,3176.622,3111.662,3170.361,46612469300
2019-04-02,2019-04-02,3183.274,3193.272,3164.907,3176.823,44706898100
2019-04-03,2019-04-03,3159.147,3219.256,3152.332,3216.295,43054863500
2019-04-04,2019-04-04,3233.689,3254.14,3216.855,3246.571,46911766900
2019-04-08,2019-04-08,3271.272,3288.453,3210.515,3244.81,50451840300
2019-04-09,2019-04-09,3240.394,3251.646,3215.705,3239.664,36416999700
2019-04-10,2019-04-10,3224.645,3264.778,3204.879,3241.93,38013440800
2019-04-11,2019-04-11,3241.547,3254.126,3185.546,3189.962,35303187900
2019-04-12,2019-04-12,3184.86,3199.278,3168.042,3188.626,28978899600
2019-04-15,2019-04-15,3233.458,3253.976,3177.27,3177.787,34880978500
2019-04-16,2019-04-16,3164.397,3253.598,3153.206,3253.598,35791875200
2019-04-17,2019-04-17,3250.152,3275.334,3239.805,3263.118,35754179600
2019-04-18,2019-04-18,3261.074,3271.388,3241.826,3250.201,32553994200
2019-04-19,2019-04-19,3250.145,3274.335,3226.812,3270.797,31519800400
2019-04-22,2019-04-22,3278.491,3279.489,3206.878,3215.043,35321738700
2019-04-23,2019-04-23,3211.872,3231.582,3186.757,3198.594,32836120700
2019-04-24,2019-04-24,3203.559,3210.651,3156.607,3201.614,27487216400
2019-04-25,2019-04-25,3190.585,3193.749,3123.026,3123.826,32587912900
2019-04-26,2019-04-26,3108.164,3129.213,3085.805,3086.399,28087385400
2019-04-29,2019-04-29,3090.633,3107.761,3050.026,3062.499,29211488600
2019-04-30,2019-04-30,3052.622,3088.407,3052.622,3078.339,22230251700
2019-05-06,2019-05-06,2984.727,2986.54,2876.469,2906.464,32697226900
2019-05-07,2019-05-07,2914.291,2937.283,2889.073,2926.391,25328176900
2019-05-08,2019-05-08,2873.143,2929.431,2866.704,2893.757,23153051900
2019-05-09,2019-05-09,2871.197,2888.86,2845.037,2850.954,20004113300
2019-05-10,2019-05-10,2878.234,2941.454,2838.385,2939.211,28230680800
2019-05-13,2019-05-13,2905.067,2921.41,2892.175,2903.713,21202988200
2019-05-14,2019-05-14,2872.834,2909.204,2872.834,2883.611,20834535300
2019-05-15,2019-05-15,2902.642,2945.395,2902.642,2938.678,23051970100
2019-05-16,2019-05-16,2933.495,2956.171,2929.065,2955.711,24838570100
2019-05-17,2019-05-17,2955.767,2956.783,2873.8,2882.296,26630164300
2019-05-20,2019-05-20,2874.801,2882.629,2838.453,2870.605,20947244200
2019-05-21,2019-05-21,2867.707,2919.237,2862.495,2905.969,21138702200
2019-05-22,2019-05-22,2905.524,2912.395,2879.644,2891.705,20002690500
2019-05-23,2019-05-23,2880.843,2885.139,2846.956,2852.515,19734030900
2019-05-24,2019-05-24,2847.836,2871.856,2846.022,2852.995,16720549000
2019-05-27,2019-05-27,2851.281,2898.129,2833.036,2892.378,19672090200
2019-05-28,2019-05-28,2890.266,2924.04,2887.084,2909.911,22331055700
2019-05-29,2019-05-29,2894.83,2934.977,2890.665,2914.696,19895882100
2019-05-30,2019-05-30,2903.425,2907.846,2881.38,2905.805,20575878900
2019-05-31,2019-05-31,2904.498,2922.908,2895.578,2898.696,19523058000
2019-06-03,2019-06-03,2901.742,2920.829,2875.902,2890.081,21594355400
2019-06-04,2019-06-04,2887.641,2888.386,2851.973,2862.28,18846354100
2019-06-05,2019-06-05,2882.937,2888.768,2858.572,2861.418,18156104700
2019-06-06,2019-06-06,2862.333,2862.333,2822.185,2827.798,17706441100
2019-06-10,2019-06-10,2833.015,2861.131,2824.355,2852.13,16658591800
2019-06-11,2019-06-11,2854.07,2927.43,2854.07,2925.716,26052579600
2019-06-12,2019-06-12,2917.224,2924.702,2903.883,2909.38,24025577500
2019-06-13,2019-06-13,2905.288,2918.423,2885.923,2910.741,21295779100
2019-06-14,2019-06-14,2912.999,2924.32,2879.657,2881.974,21543579600
2019-06-17,2019-06-17,2880.423,2902.481,2877.394,2887.622,15396496000
2019-06-18,2019-06-18,2891.092,2898.33,2874.313,2890.158,14770532000
2019-06-19,2019-06-19,2944.115,2953.336,2916.215,2917.803,23075697300
2019-06-20,2019-06-20,2917.331,2997.389,2915.09,2987.119,29101153700
2019-06-21,2019-06-21,2990.369,3010.349,2989.245,3001.98,28697383500
2019-06-24,2019-06-24,3004.289,3012.826,2994.422,3008.148,21049389400
2019-06-25,2019-06-25,3004.91,3004.91,2948.991,2982.074,24369924400
2019-06-26,2019-06-26,2964.615,2986.914,2958.463,2976.284,17444953300
2019-06-27,2019-06-27,2982.613,3011.538,2981.045,2996.793,19539704900
2019-06-28,2019-06-28,2992.243,2992.243,2961.223,2978.878,18143152300
2019-07-01,2019-07-01,3024.624,3045.367,3014.687,3044.903,25084043300
2019-07-02,2019-07-02,3042.58,3048.484,3033.781,3043.943,21452062400
2019-07-03,2019-07-03,3031.832,3031.832,3006.325,3015.263,21229617300
2019-07-04,2019-07-04,3015.679,3024.502,2991.908,3005.249,19441513300
2019-07-05,2019-07-05,3004.738,3014.847,2990.925,3011.059,15675542900
2019-07-08,2019-07-08,2997.807,2997.807,2918.716,2933.363,21154126800
2019-07-09,2019-07-09,2928.819,2937.762,2912.806,2928.23,14511060400
2019-07-10,2019-07-10,2935.186,2936.752,2908.162,2915.302,13548353800
2019-07-11,2019-07-11,2928.055,2945.802,2907.885,2917.761,14369252200
2019-07-12,2019-07-12,2915.34,2938.531,2905.809,2930.546,13779475900
2019-07-15,2019-07-15,2921.546,2955.0,2886.699,2942.185,16764339700
2019-07-16,2019-07-16,2938.641,2944.821,2931.293,2937.617,13181175100
2019-07-17,2019-07-17,2933.023,2942.067,2924.459,2931.693,14963161600
2019-07-18,2019-07-18,2921.739,2921.739,2901.177,2901.177,14988882800
2019-07-19,2019-07-19,2909.679,2939.597,2909.679,2924.201,14946955300
2019-07-22,2019-07-22,2925.788,2927.16,2879.69,2886.974,18067496000
2019-07-23,2019-07-23,2886.904,2901.359,2883.046,2899.945,12931050800
2019-07-24,2019-07-24,2907.928,2936.452,2907.787,2923.278,15524576200
2019-07-25,2019-07-25,2923.189,2937.36,2916.15,2937.36,14568438500
2019-07-26,2019-07-26,2928.061,2948.326,2924.451,2944.541,13934338800
2019-07-29,2019-07-29,2943.918,2948.467,2932.977,2941.007,12799184600
2019-07-30,2019-07-30,2946.257,2965.632,2946.257,2952.338,14831646200
2019-07-31,2019-07-31,2944.398,2944.398,2926.485,2932.506,14105234800
2019-08-01,2019-08-01,2920.851,2927.342,2901.75,2908.766,14238981300
2019-08-02,2019-08-02,2861.332,2872.473,2851.44,2867.838,18488844300
2019-08-05,2019-08-05,2854.578,2863.689,2821.496,2821.496,16741942300
2019-08-06,2019-08-06,2776.989,2787.419,2733.924,2777.556,23112372700
2019-08-07,2019-08-07,2789.019,2792.693,2768.68,2768.68,15771675200
2019-08-08,2019-08-08,2784.184,2799.686,2782.245,2794.552,14953956400
2019-08-09,2019-08-09,2805.586,2808.329,2770.478,2774.753,14824029300
2019-08-12,2019-08-12,2781.982,2814.994,2776.62,2814.994,13156343300
2019-08-13,2019-08-13,2798.051,2802.042,2790.608,2797.26,13091650500
2019-08-14,2019-08-14,2824.486,2829.891,2807.719,2808.915,14401464100
2019-08-15,2019-08-15,2762.339,2815.896,2756.834,2815.798,15277215200
2019-08-16,2019-08-16,2817.571,2840.316,2811.802,2823.824,14858234400
2019-08-19,2019-08-19,2835.518,2883.096,2829.854,2883.096,21454666800
2019-08-20,2019-08-20,2879.082,2892.08,2874.999,2880.001,18967720600
2019-08-21,2019-08-21,2875.471,2885.586,2872.557,2880.331,15901966500
2019-08-22,2019-08-22,2887.665,2888.497,2867.552,2883.436,14920621500
2019-08-23,2019-08-23,2885.151,2902.456,2878.744,2897.425,15915682600
2019-08-26,2019-08-26,2851.016,2870.494,2849.238,2863.567,16989536300
2019-08-27,2019-08-27,2879.515,2919.644,2879.406,2902.193,20814179400
2019-08-28,2019-08-28,2901.627,2905.435,2887.012,2893.756,18309790300
2019-08-29,2019-08-29,2895.999,2898.605,2878.588,2890.919,17861308200
2019-08-30,2019-08-30,2907.383,2914.577,2874.103,2886.237,19395995100
2019-09-02,2019-09-02,2886.942,2928.479,2883.682,2924.106,20278680700
2019-09-03,2019-09-03,2925.942,2930.154,2915.197,2930.154,18900121600
2019-09-04,2019-09-04,2927.747,2957.412,2925.883,2957.412,22549590700
2019-09-05,2019-09-05,2972.662,3015.844,2972.662,2985.865,30543870600
2019-09-06,2019-09-06,2996.622,2999.943,2981.598,2999.601,21682603500
2019-09-09,2019-09-09,3023.778,3026.24,3005.695,3024.739,24337775200
2019-09-10,2019-09-10,3027.41,3027.41,3005.383,3021.202,24001294700
2019-09-11,2019-09-11,3029.933,3030.557,3004.215,3008.812,22983736200
2019-09-12,2019-09-12,3016.627,3033.473,3005.195,3031.235,19696870100
2019-09-16,2019-09-16,3041.922,3042.928,3020.05,3030.754,22187895900
2019-09-17,2019-09-17,3023.711,3023.711,2970.57,2978.118,22333806100
2019-09-18,2019-09-18,2984.084,2996.402,2982.4,2985.659,16804669900
2019-09-19,2019-09-19,2992.922,2999.279,2975.398,2999.279,16269061500
2019-09-20,2019-09-20,3004.814,3011.34,2996.193,3006.447,18214530200
2019-09-23,2019-09-23,2998.4,2998.4,2960.827,2977.077,16813945000
2019-09-24,2019-09-24,2979.475,3002.897,2973.76,2985.341,16390276100
2019-09-25,2019-09-25,2977.668,2977.668,2955.433,2955.433,16854313500
2019-09-26,2019-09-26,2964.478,2970.035,2928.259,2929.088,18893254100
2019-09-27,2019-09-27,2929.486,2939.079,2920.93,2932.167,13290577700
2019-09-30,2019-09-30,2927.917,2936.482,2905.189,2905.189,11664681100
2019-10-08,2019-10-08,2905.756,2933.016,2905.756,2913.57,12553581200
2019-10-09,2019-10-09,2902.075,2924.857,2891.539,2924.857,13042414400
2019-10-10,2019-10-10,2923.707,2949.24,2918.228,2947.711,13423975200
2019-10-11,2019-10-11,2954.819,2980.788,2943.014,2973.656,16120374600
2019-10-14,2019-10-14,2993.962,3026.383,2989.813,3007.883,20861480200
2019-10-15,2019-10-15,3005.665,3005.665,2986.303,2991.046,15537690400
2019-10-16,2019-10-16,2992.61,3010.424,2975.923,2978.712,14988549600
2019-10-17,2019-10-17,2979.993,2986.719,2969.568,2977.334,12252761400
2019-10-18,2019-10-18,2982.342,2987.204,2933.242,2938.141,14999067800
2019-10-21,2019-10-21,2933.897,2940.325,2917.688,2939.618,13247510700
2019-10-22,2019-10-22,2945.6,2954.642,2934.387,2954.38,11748204800
2019-10-23,2019-10-23,2952.969,2957.3,2934.627,2941.619,12381288100
2019-10-24,2019-10-24,2944.007,2953.044,2927.061,2940.922,12654029000
2019-10-25,2019-10-25,2940.474,2958.241,2920.52,2954.933,13686070600
2019-10-28,2019-10-28,2958.686,2980.128,2956.961,2980.05,17373148100
2019-10-29,2019-10-29,2979.037,2979.037,2954.176,2954.176,16611005800
2019-10-30,2019-10-30,2949.463,2953.299,2934.828,2939.321,15879811000
2019-10-31,2019-10-31,2944.843,2946.752,2923.517,2929.056,16157148300
2019-11-01,2019-11-01,2924.34,2959.833,2917.146,2958.199,15990737300
2019-11-04,2019-11-04,2964.576,2983.058,2964.576,2975.492,16724836400
2019-11-05,2019-11-05,2977.705,3008.314,2968.032,2991.562,17989159300
2019-11-06,2019-11-06,2992.04,2995.563,2969.724,2978.596,16526354700
2019-11-07,2019-11-07,2978.153,2988.955,2969.12,2978.714,13695267800
2019-11-08,2019-11-08,2993.977,2998.759,2962.845,2964.185,14974210700
2019-11-11,2019-11-11,2949.962,2949.962,2906.769,2909.975,15791610500
2019-11-12,2019-11-12,2912.996,2918.303,2891.511,2914.823,12972915400
2019-11-13,2019-11-13,2913.02,2913.861,2893.971,2905.241,12976584100
2019-11-14,2019-11-14,2907.736,2917.374,2899.619,2909.87,12914544800
2019-11-15,2019-11-15,2911.35,2917.829,2891.204,2891.343,13551946300
2019-11-18,2019-11-18,2889.55,2911.378,2884.088,2909.2,12443317700
2019-11-19,2019-11-19,2904.278,2933.991,2902.855,2933.991,13541760400
2019-11-20,2019-11-20,2928.107,2930.493,2907.423,2911.053,13735753000
2019-11-21,2019-11-21,2902.553,2910.361,2891.531,2903.638,12345860700
2019-11-22,2019-11-22,2906.243,2925.018,2873.99,2885.288,15862336500
2019-11-25,2019-11-25,2885.613,2906.609,2880.654,2906.169,17858742900
2019-11-26,2019-11-26,2912.521,2915.041,2897.928,2907.06,17000466300
2019-11-27,2019-11-27,2905.396,2914.487,2893.418,2903.195,13386220500
2019-11-28,2019-11-28,2902.364,2909.84,2883.434,2889.693,11952246800
2019-11-29,2019-11-29,2885.974,2892.388,2858.581,2871.981,12261296800
2019-12-02,2019-12-02,2874.448,2888.89,2870.242,2875.807,12875580600
2019-12-03,2019-12-03,2869.882,2884.856,2857.32,2884.699,12377874200
2019-12-04,2019-12-04,2876.908,2882.498,2869.422,2878.116,12554365300
2019-12-05,2019-12-05,2886.516,2902.002,2885.08,2899.469,14316309600
2019-12-06,2019-12-06,2902.278,2912.014,2894.751,2912.014,13412887800
2019-12-09,2019-12-09,2914.458,2919.589,2905.25,2914.478,16079652700
2019-12-10,2019-12-10,2908.944,2919.201,2902.79,2917.316,17012399800
2019-12-11,2019-12-11,2922.602,2928.256,2915.001,2924.417,16554108700
2019-12-12,2019-12-12,2926.342,2926.342,2913.476,2915.698,15176080400
2019-12-13,2019-12-13,2937.776,2969.981,2935.849,2967.676,21197858500
2019-12-16,2019-12-16,2970.969,2984.641,2958.706,2984.393,21186211900
2019-12-17,2019-12-17,2985.262,3039.383,2982.496,3022.422,29303225400
2019-12-18,2019-12-18,3021.466,3033.234,3011.721,3017.044,24408969100
2019-12-19,2019-12-19,3017.153,3021.418,3007.992,3017.066,20862426400
2019-12-20,2019-12-20,3019.64,3027.484,3002.26,3004.938,21507575500
2019-12-23,2019-12-23,2999.036,3009.338,2960.435,2962.751,20571661700
2019-12-24,2019-12-24,2965.826,2983.819,2960.684,2982.681,16303025000
2019-12-25,2019-12-25,2980.428,2988.292,2970.657,2981.881,17565402800
2019-12-26,2019-12-26,2981.249,3007.355,2980.397,3007.355,18244042600
2019-12-27,2019-12-27,3006.852,3036.113,3003.631,3005.036,24710277900
2019-12-30,2019-12-30,2998.169,3041.397,2983.344,3040.024,24806653000
2019-12-31,2019-12-31,3036.386,3051.677,3030.512,3050.124,21742902200
2020-01-02,2020-01-02,3066.336,3098.1,3066.336,3085.198,29247020800
2020-01-03,2020-01-03,3089.022,3093.819,3074.518,3083.786,26149666700
2020-01-06,2020-01-06,3070.909,3107.203,3065.309,3083.408,31257584200
2020-01-07,2020-01-07,3085.488,3105.451,3084.329,3104.802,27658311100
2020-01-08,2020-01-08,3094.239,3094.239,3059.131,3066.893,29787255300
2020-01-09,2020-01-09,3082.64,3097.329,3080.131,3094.882,24343564900
2020-01-10,2020-01-10,3102.294,3105.225,3081.396,3092.291,21044246200
2020-01-13,2020-01-13,3091.493,3115.57,3075.384,3115.57,21062100400
2020-01-14,2020-01-14,3120.667,3127.169,3105.605,3106.82,22997376900
2020-01-15,2020-01-15,3103.175,3107.943,3082.043,3090.038,20231302300
2020-01-16,2020-01-16,3095.734,3096.372,3070.884,3074.081,20337547500
2020-01-17,2020-01-17,3081.464,3091.952,3067.253,3075.496,19030429900
2020-01-20,2020-01-20,3082.113,3096.311,3070.48,3095.787,21049334100
2020-01-21,2020-01-21,3085.79,3085.79,3051.23,3052.142,23483073900
2020-01-22,2020-01-22,3038.487,3069.253,3006.268,3060.755,22385286500
2020-01-23,2020-01-23,3037.952,3045.041,2955.346,2976.528,27276323400
2020-02-03,2020-02-03,2716.698,2766.577,2716.698,2746.606,21591210300
2020-02-04,2020-02-04,2685.269,2786.164,2685.269,2783.288,36404620000
2020-02-05,2020-02-05,2792.371,2842.743,2778.864,2818.088,30976182300
2020-02-06,2020-02-06,2826.885,2876.588,2807.609,2866.51,31639214200
2020-02-07,2020-02-07,2858.932,2875.964,2838.77,2875.964,30947964200
2020-02-10,2020-02-10,2860.499,2891.848,2851.05,2890.488,29492978400
2020-02-11,2020-02-11,2894.541,2913.816,2882.243,2901.674,26916833500
2020-02-12,2020-02-12,2895.556,2926.899,2892.424,2926.899,24873342900
2020-02-13,2020-02-13,2927.144,2935.406,2901.243,2906.074,27480484400
2020-02-14,2020-02-14,2899.866,2926.943,2899.574,2917.008,25065062700
2020-02-17,2020-02-17,2924.991,2983.637,2924.991,2983.622,31319800700
2020-02-18,2020-02-18,2981.41,2990.6,2960.775,2984.972,31166591300
2020-02-19,2020-02-19,2979.522,2998.272,2971.822,2975.402,31514115100
2020-02-20,2020-02-20,2981.88,3031.371,2968.445,3030.154,34573288100
2020-02-21,2020-02-21,3022.246,3058.898,3020.141,3039.669,36455727600
2020-02-24,2020-02-24,3027.893,3042.182,3007.356,3031.233,37043004400
2020-02-25,2020-02-25,2982.07,3016.946,2943.717,3013.05,44162276200
2020-02-26,2020-02-26,2978.42,3028.779,2974.942,2987.929,46904955200
2020-02-27,2020-02-27,2992.492,3009.458,2980.477,2991.329,35052365800
2020-02-28,2020-02-28,2924.641,2948.126,2878.544,2880.304,40121691400
2020-03-02,2020-03-02,2899.31,2982.507,2899.31,2970.931,36733336900
2020-03-03,2020-03-03,3006.889,3026.842,2976.623,2992.897,41010804700
2020-03-04,2020-03-04,2981.806,3012.004,2974.358,3011.666,35333827800
2020-03-05,2020-03-05,3036.155,3074.257,3022.926,3071.677,44542580600
2020-03-06,2020-03-06,3039.94,3052.444,3029.463,3034.511,36206153300
2020-03-09,2020-03-09,2987.181,2989.205,2940.714,2943.291,41456073600
2020-03-10,2020-03-10,2918.935,3000.296,2904.799,2996.762,39329664800
2020-03-11,2020-03-11,3001.762,3010.029,2968.517,2968.517,35247097000
2020-03-12,2020-03-12,2936.016,2944.465,2906.284,2923.486,30777845700
2020-03-13,2020-03-13,2804.232,2910.881,2799.984,2887.427,36645043600
2020-03-16,2020-03-16,2897.301,2898.035,2784.662,2789.254,35187866500
2020-03-17,2020-03-17,2796.284,2826.907,2715.221,2779.641,30614967700
2020-03-18,2020-03-18,2792.322,2815.874,2728.756,2728.756,29115985200
2020-03-19,2020-03-19,2719.406,2736.82,2646.805,2702.13,30230274700
2020-03-20,2020-03-20,2727.019,2751.896,2702.493,2745.618,25201950700
2020-03-23,2020-03-23,2677.591,2703.33,2656.501,2660.167,24982025000
2020-03-24,2020-03-24,2703.019,2723.407,2667.133,2722.438,25702193000
2020-03-25,2020-03-25,2775.303,2788.635,2757.802,2781.591,27314446600
2020-03-26,2020-03-26,2761.896,2788.504,2753.428,2764.911,23408402200
2020-03-27,2020-03-27,2792.984,2805.548,2771.756,2772.203,24076406600
2020-03-30,2020-03-30,2739.719,2759.099,2723.054,2747.214,23970660400
2020-03-31,2020-03-31,2767.307,2771.168,2743.115,2750.296,21859867400
2020-04-01,2020-04-01,2743.541,2773.364,2731.079,2734.522,21725342700
2020-04-02,2020-04-02,2720.228,2780.638,2719.904,2780.638,21786460000
2020-04-03,2020-04-03,2773.576,2780.587,2754.073,2763.987,20083740400
2020-04-07,2020-04-07,2806.968,2823.277,2801.839,2820.763,27019818600
2020-04-08,2020-04-08,2805.917,2823.214,2800.296,2815.369,24351530500
2020-04-09,2020-04-09,2825.839,2832.395,2820.433,2825.904,23818484300
2020-04-10,2020-04-10,2827.187,2833.015,2789.976,2796.631,23345476800
2020-04-13,2020-04-13,2784.598,2792.891,2774.081,2783.048,17712455400
2020-04-14,2020-04-14,2794.801,2827.298,2789.428,2827.283,20269656900
2020-04-15,2020-04-15,2826.662,2829.75,2808.704,2811.174,20562114600
2020-04-16,2020-04-16,2798.43,2823.338,2796.839,2819.935,20300377300
2020-04-17,2020-04-17,2835.558,2854.96,2830.022,2838.495,24573675000
2020-04-20,2020-04-20,2840.409,2852.99,2833.262,2852.553,21184707800
2020-04-21,2020-04-21,2842.237,2842.237,2808.021,2827.013,23323587000
2020-04-22,2020-04-22,2814.066,2843.98,2808.482,2843.98,21732000000
2020-04-23,2020-04-23,2850.51,2853.636,2835.896,2838.499,24877903700
2020-04-24,2020-04-24,2834.939,2834.939,2802.499,2808.529,23518507600
2020-04-27,2020-04-27,2812.242,2832.666,2802.958,2815.495,21013098100
2020-04-28,2020-04-28,2819.991,2821.745,2758.246,2810.024,25387274500
2020-04-29,2020-04-29,2801.383,2831.764,2800.738,2822.442,20206180700
2020-04-30,2020-04-30,2832.384,2865.59,2832.384,2860.082,24245527800
2020-05-06,2020-05-06,2831.633,2879.263,2830.654,2878.14,24982661600
2020-05-07,2020-05-07,2876.473,2882.022,2864.581,2871.523,22673695700
2020-05-08,2020-05-08,2882.708,2903.797,2879.203,2895.344,22682207500
2020-05-11,2020-05-11,2901.574,2914.284,2884.381,2894.802,22512041000
2020-05-12,2020-05-12,2894.617,2897.902,2871.23,2891.556,19708298500
2020-05-13,2020-05-13,2882.955,2900.259,2875.535,2898.05,18506131000
2020-05-14,2020-05-14,2887.058,2887.058,2869.183,2870.342,19777620200
2020-05-15,2020-05-15,2880.707,2884.22,2863.37,2868.459,18898359200
2020-05-18,2020-05-18,2872.524,2889.98,2862.271,2875.418,22602288200
2020-05-19,2020-05-19,2897.687,2900.219,2887.577,2898.576,19722240500
2020-05-20,2020-05-20,2896.466,2896.466,2876.177,2883.738,21051998500
2020-05-21,2020-05-21,2890.721,2891.518,2864.207,2867.924,20353203800
2020-05-22,2020-05-22,2863.046,2863.046,2808.018,2813.765,20906371200
2020-05-25,2020-05-25,2816.241,2821.498,2802.465,2817.97,17288555700
2020-05-26,2020-05-26,2827.897,2848.337,2825.901,2846.547,17456236900
2020-05-27,2020-05-27,2847.32,2848.997,2831.928,2836.804,19814934300
2020-05-28,2020-05-28,2838.207,2861.924,2820.146,2846.222,20754601900
2020-05-29,2020-05-29,2835.584,2855.376,2829.627,2852.351,20679280400
2020-06-01,2020-06-01,2871.964,2917.151,2871.964,2915.431,26019605000
2020-06-02,2020-06-02,2916.317,2926.359,2909.128,2921.398,25610804900
2020-06-03,2020-06-03,2930.391,2942.76,2922.661,2923.371,25566398000
2020-06-04,2020-06-04,2931.838,2932.968,2910.752,2919.251,22660587300
2020-06-05,2020-06-05,2923.189,2930.799,2909.118,2930.799,21736067300
2020-06-08,2020-06-08,2941.982,2950.066,2934.21,2937.771,23112436000
2020-06-09,2020-06-09,2939.535,2957.119,2932.939,2956.112,20904858500
2020-06-10,2020-06-10,2951.278,2951.33,2934.843,2943.753,20792596900
2020-06-11,2020-06-11,2939.791,2952.651,2912.193,2920.897,23372294700
2020-06-12,2020-06-12,2876.803,2930.255,2872.617,2919.741,23600864200
2020-06-15,2020-06-15,2908.277,2922.536,2890.031,2890.031,24320504600
2020-06-16,2020-06-16,2912.825,2931.779,2909.134,2931.749,22331306500
2020-06-17,2020-06-17,2932.671,2936.616,2919.035,2935.873,23465439100
2020-06-18,2020-06-18,2929.88,2942.898,2920.105,2939.315,25869137700
2020-06-19,2020-06-19,2938.789,2973.316,2935.824,2967.634,26431396100
2020-06-22,2020-06-22,2966.901,2983.438,2959.035,2965.272,26788383400
2020-06-23,2020-06-23,2960.888,2972.403,2949.847,2970.62,22521220800
2020-06-24,2020-06-24,2972.983,2982.943,2971.224,2979.551,21320073200
2020-06-29,2020-06-29,2973.076,2977.912,2951.77,2961.516,22062272900
2020-06-30,2020-06-30,2965.105,2990.825,2965.105,2984.674,21495721400
2020-07-01,2020-07-01,2991.181,3026.186,2984.984,3025.981,27331314000
2020-07-02,2020-07-02,3023.719,3092.443,3021.674,3090.569,39112799600
2020-07-03,2020-07-03,3103.995,3152.813,3103.995,3152.813,45879385100
2020-07-06,2020-07-06,3187.839,3337.272,3187.839,3332.881,64387890600
2020-07-07,2020-07-07,3380.954,3407.081,3336.242,3345.337,65784015900
2020-07-08,2020-07-08,3337.552,3421.531,3327.706,3403.44,58708168500
2020-07-09,2020-07-09,3403.483,3456.972,3393.638,3450.594,62000182300
2020-07-10,2020-07-10,3418.935,3433.109,3372.507,3383.322,55612001100
2020-07-13,2020-07-13,3379.387,3458.791,3369.038,3443.286,55800687500
2020-07-14,2020-07-14,3435.024,3451.222,3366.083,3414.619,54321149200
2020-07-15,2020-07-15,3422.078,3432.451,3345.749,3361.304,49203054200
2020-07-16,2020-07-16,3356.359,3373.532,3209.727,3210.099,49061312300
2020-07-17,2020-07-17,3214.402,3252.779,3181.275,3214.129,35965241300
2020-07-20,2020-07-20,3243.911,3314.149,3220.684,3314.149,41855530600
2020-07-21,2020-07-21,3330.547,3336.679,3300.572,3320.895,35925202900
2020-07-22,2020-07-22,3315.182,3381.976,3311.786,3333.164,39333533500
2020-07-23,2020-07-23,3306.149,3336.3,3257.827,3325.11,40704249900
2020-07-24,2020-07-24,3310.645,3319.127,3184.965,3196.768,42705402600
2020-07-27,2020-07-27,3210.386,3221.985,3174.658,3205.227,29931902100
2020-07-28,2020-07-28,3226.133,3245.297,3208.494,3227.96,28937786100
2020-07-29,2020-07-29,3221.988,3294.552,3209.99,3294.552,32492406200
2020-07-30,2020-07-30,3299.572,3312.451,3282.162,3286.822,34070412100
2020-07-31,2020-07-31,3280.796,3333.786,3261.614,3310.007,35375897900
2020-08-03,2020-08-03,3332.183,3368.103,3327.677,3367.966,40746086700
2020-08-04,2020-08-04,3376.44,3391.074,3352.502,3371.688,44232855100
2020-08-05,2020-08-05,3363.332,3383.637,3333.877,3377.565,38582302700
2020-08-06,2020-08-06,3380.762,3392.705,3334.334,3386.463,41530251000
2020-08-07,2020-08-07,3370.588,3374.133,3307.713,3354.035,40392963300
2020-08-10,2020-08-10,3341.528,3399.932,3335.043,3379.252,38137963000
2020-08-11,2020-08-11,3379.487,3409.059,3336.095,3340.29,40045270600
2020-08-12,2020-08-12,3327.493,3335.729,3263.265,3319.266,37832895900
2020-08-13,2020-08-13,3328.175,3338.152,3309.463,3320.726,32429127800
2020-08-14,2020-08-14,3315.669,3362.027,3302.736,3360.099,30599837600
2020-08-17,2020-08-17,3373.902,3450.899,3369.374,3438.801,43459826000
2020-08-18,2020-08-18,3441.934,3456.721,3432.64,3451.089,38072927500
2020-08-19,2020-08-19,3444.565,3454.461,3406.164,3408.129,40572221400
2020-08-20,2020-08-20,3385.965,3394.557,3352.777,3363.899,33560098200
2020-08-21,2020-08-21,3380.227,3393.918,3358.001,3380.683,28748834000
2020-08-24,2020-08-24,3391.113,3396.566,3368.026,3385.638,26622784100
2020-08-25,2020-08-25,3392.88,3408.87,3364.16,3373.578,27711342100
2020-08-26,2020-08-26,3371.808,3382.603,3320.136,3329.739,29445103600
2020-08-27,2020-08-27,3333.491,3351.832,3312.986,3350.113,23709935300
2020-08-28,2020-08-28,3346.289,3405.877,3339.649,3403.807,27132554900
2020-08-31,2020-08-31,3416.55,3442.736,3395.468,3395.678,32347389000
2020-09-01,2020-09-01,3389.742,3410.607,3381.711,3410.607,24699924900
2020-09-02,2020-09-02,3420.469,3421.396,3377.211,3404.802,26154631900
2020-09-03,2020-09-03,3404.032,3425.629,3374.263,3384.981,25534627900
2020-09-04,2020-09-04,3336.408,3360.106,3328.552,3355.367,22163655000
2020-09-07,2020-09-07,3349.918,3368.245,3285.633,3292.591,26061656700
2020-09-08,2020-09-08,3301.217,3324.393,3276.443,3316.417,27106627800
2020-09-09,2020-09-09,3280.997,3289.615,3238.561,3254.628,35150974700
2020-09-10,2020-09-10,3282.232,3285.473,3227.644,3234.823,31247280400
2020-09-11,2020-09-11,3225.784,3262.498,3220.536,3260.346,22169883000
2020-09-14,2020-09-14,3275.918,3283.533,3261.148,3278.814,21392413700
2020-09-15,2020-09-15,3277.128,3297.69,3263.752,3295.68,19768440000
2020-09-16,2020-09-16,3293.168,3302.456,3271.075,3283.924,20044336400
2020-09-17,2020-09-17,3277.324,3290.409,3248.499,3270.435,20293197200
2020-09-18,2020-09-18,3270.911,3338.324,3268.526,3338.09,25626078800
2020-09-21,2020-09-21,3348.899,3350.589,3313.071,3316.935,21650309300
2020-09-22,2020-09-22,3290.666,3320.228,3265.703,3274.302,21401506500
2020-09-23,2020-09-23,3278.836,3289.762,3264.891,3279.711,16917806800
2020-09-24,2020-09-24,3262.879,3265.345,3221.237,3223.176,20673601100
2020-09-25,2020-09-25,3234.374,3239.466,3208.035,3219.418,16482241900
2020-09-28,2020-09-28,3224.977,3238.183,3210.893,3217.535,15598278300
2020-09-29,2020-09-29,3231.855,3242.794,3219.79,3224.359,15134987000
2020-09-30,2020-09-30,3232.71,3244.913,3202.344,3218.052,15350445700
2020-10-09,2020-10-09,3262.611,3280.512,3260.187,3272.076,18832564800
2020-10-12,2020-10-12,3287.328,3359.153,3286.111,3358.465,25962240800
2020-10-13,2020-10-13,3353.121,3361.832,3334.499,3359.75,20492610300
2020-10-14,2020-10-14,3353.625,3353.625,3332.964,3340.778,19865938200
2020-10-15,2020-10-15,3342.922,3354.578,3330.001,3332.183,19103128200
2020-10-16,2020-10-16,3334.457,3348.954,3319.11,3336.358,19429542100
2020-10-19,2020-10-19,3351.096,3371.086,3307.841,3312.667,21230354000
2020-10-20,2020-10-20,3307.15,3328.103,3293.766,3328.103,16508476200
2020-10-21,2020-10-21,3332.147,3332.147,3304.169,3325.025,17763211500
2020-10-22,2020-10-22,3315.821,3320.879,3281.366,3312.501,16594998700
2020-10-23,2020-10-23,3308.158,3326.049,3276.62,3277.997,17420898200
2020-10-26,2020-10-26,3258.703,3264.446,3226.602,3251.119,16773179500
2020-10-27,2020-10-27,3240.74,3258.337,3235.544,3254.316,14911556600
2020-10-28,2020-10-28,3256.223,3275.871,3238.382,3269.238,17318196500
2020-10-29,2020-10-29,3235.765,3289.766,3231.124,3272.727,18470358900
2020-10-30,2020-10-30,3278.631,3279.856,3219.422,3224.533,23018880300
2020-11-02,2020-11-02,3228.715,3242.804,3209.909,3225.12,22677913700
2020-11-03,2020-11-03,3239.806,3278.381,3237.854,3271.074,21529786400
2020-11-04,2020-11-04,3273.433,3286.621,3254.111,3277.44,18851412800
2020-11-05,2020-11-05,3305.58,3320.408,3291.6,3320.133,22680146200
2020-11-06,2020-11-06,3326.465,3326.465,3292.151,3312.159,23486413200
2020-11-09,2020-11-09,3329.429,3380.824,3329.429,3373.734,31021977100
2020-11-10,2020-11-10,3387.622,3387.622,3346.172,3360.149,27870111300
2020-11-11,2020-11-11,3354.025,3365.836,3339.041,3342.203,27120465300
2020-11-12,2020-11-12,3344.456,3350.285,3329.485,3338.679,21650130900
2020-11-13,2020-11-13,3327.229,3327.229,3291.643,3310.105,22789836400
2020-11-16,2020-11-16,3325.621,3346.969,3313.647,3346.969,27959376100
2020-11-17,2020-11-17,3347.151,3347.698,3323.951,3339.895,28363247900
2020-11-18,2020-11-18,3337.332,3358.894,3333.992,3347.303,28753125900
2020-11-19,2020-11-19,3339.086,3367.333,3330.45,3363.088,25326299200
2020-11-20,2020-11-20,3359.597,3380.149,3356.309,3377.727,26127121900
2020-11-23,2020-11-23,3384.104,3431.653,3377.986,3414.49,37387204700
2020-11-24,2020-11-24,3407.409,3413.926,3396.244,3402.823,30099414400
2020-11-25,2020-11-25,3417.515,3423.485,3362.327,3362.327,32211020700
2020-11-26,2020-11-26,3360.061,3371.454,3344.282,3369.733,25588682200
2020-11-27,2020-11-27,3373.843,3408.307,3364.492,3408.307,28064989400
2020-11-30,2020-11-30,3418.158,3456.737,3391.755,3391.755,38498996800
2020-12-01,2020-12-01,3388.987,3457.635,3386.911,3451.938,31618898000
2020-12-02,2020-12-02,3453.518,3465.729,3435.871,3449.381,31281111400
2020-12-03,2020-12-03,3448.54,3452.161,3428.804,3442.136,29845993000
2020-12-04,2020-12-04,3436.729,3448.404,3417.048,3444.581,25627670500
2020-12-07,2020-12-07,3446.648,3449.578,3414.314,3416.604,25452250800
2020-12-08,2020-12-08,3417.694,3428.662,3403.026,3410.177,22690732800
2020-12-09,2020-12-09,3416.078,3422.536,3371.916,3371.964,26074742400
2020-12-10,2020-12-10,3365.731,3384.888,3357.753,3373.276,24730830400
2020-12-11,2020-12-11,3381.008,3383.178,3325.172,3347.191,29861715800
2020-12-14,2020-12-14,3349.534,3371.129,3338.626,3369.12,23980792600
2020-12-15,2020-12-15,3366.581,3373.558,3348.419,3367.233,22566740200
2020-12-16,2020-12-16,3371.263,3378.663,3359.171,3366.983,22081397600
2020-12-17,2020-12-17,3367.277,3406.155,3354.011,3404.873,27546363100
2020-12-18,2020-12-18,3400.486,3413.813,3382.751,3394.896,28099264100
2020-12-21,2020-12-21,3394.395,3423.609,3381.116,3420.569,28375979400
2020-12-22,2020-12-22,3410.968,3415.754,3353.858,3356.782,32303765400
2020-12-23,2020-12-23,3362.472,3394.209,3360.202,3382.32,29952352700
2020-12-24,2020-12-24,3382.193,3394.075,3354.022,3363.113,27504445000
2020-12-25,2020-12-25,3351.79,3397.007,3348.345,3396.563,29454689500
2020-12-28,2020-12-28,3396.359,3412.519,3383.654,3397.285,31618154200
2020-12-29,2020-12-29,3399.294,3407.088,3376.088,3379.036,31176918500
2020-12-30,2020-12-30,3375.009,3414.454,3374.416,3414.453,29102354300
2020-12-31,2020-12-31,3419.727,3474.918,3419.727,3473.069,33567392600
2021-01-04,2021-01-04,3474.679,3511.655,3457.206,3502.958,38079080000
2021-01-05,2021-01-05,3492.191,3528.677,3484.715,3528.677,40799593400
2021-01-06,2021-01-06,3530.907,3556.802,3513.126,3550.877,37023092600
2021-01-07,2021-01-07,3552.909,3576.205,3526.617,3576.205,40534822600
2021-01-08,2021-01-08,3577.692,3588.063,3544.891,3570.108,34555789600
2021-01-11,2021-01-11,3571.321,3597.702,3516.986,3531.498,36247915400
2021-01-12,2021-01-12,3518.011,3608.339,3517.469,3608.339,32340615300
2021-01-13,2021-01-13,3613.281,3622.348,3575.595,3598.652,38812779100
2021-01-14,2021-01-14,3584.932,3599.058,3559.6,3565.905,34766681900
2021-01-15,2021-01-15,3566.285,3589.266,3533.788,3566.378,32461274400
2021-01-18,2021-01-18,3554.798,3608.767,3544.261,3596.224,30165256500
2021-01-19,2021-01-19,3596.356,3603.148,3553.024,3566.381,32343954100
2021-01-20,2021-01-20,3564.121,3589.962,3556.443,3583.092,27227166100
2021-01-21,2021-01-21,3590.925,3636.244,3585.802,3621.264,32746699500
2021-01-22,2021-01-22,3616.54,3616.54,3585.034,3606.75,32446308400
2021-01-25,2021-01-25,3605.361,3637.1,3591.02,3624.238,32734107000
2021-01-26,2021-01-26,3610.969,3610.969,3564.742,3569.429,27813988400
2021-01-27,2021-01-27,3567.549,3578.797,3546.492,3573.341,26410716100
2021-01-28,2021-01-28,3534.669,3549.544,3496.879,3505.176,27086246100
2021-01-29,2021-01-29,3521.718,3531.598,3446.547,3483.069,29366266400
2021-02-01,2021-02-01,3477.172,3506.389,3469.875,3505.284,27756790100
2021-02-02,2021-02-02,3510.808,3535.502,3495.568,3533.685,26454063000
2021-02-03,2021-02-03,3531.149,3544.009,3508.507,3517.308,29735171600
2021-02-04,2021-02-04,3503.779,3524.722,3465.771,3501.859,29883485400
2021-02-05,2021-02-05,3509.487,3536.542,3492.962,3496.333,29014617400
2021-02-08,2021-02-08,3504.563,3542.208,3492.129,3532.447,24979961900
2021-02-09,2021-02-09,3539.773,3604.011,3528.676,3603.489,25382176000
2021-02-10,2021-02-10,3612.613,3662.766,3612.505,3655.088,25794082400
2021-02-18,2021-02-18,3721.087,3731.687,3663.664,3675.357,34030906500
2021-02-19,2021-02-19,3661.783,3699.65,3634.015,3696.168,36105980400
2021-02-22,2021-02-22,3707.191,3717.267,3642.445,3642.445,48882147800
2021-02-23,2021-02-23,3617.701,3672.151,3617.701,3636.357,39887317400
2021-02-24,2021-02-24,3638.936,3645.647,3531.594,3564.08,36215895200
2021-02-25,2021-02-25,3595.542,3608.557,3568.474,3585.046,36623229900
2021-02-26,2021-02-26,3514.565,3550.406,3500.704,3509.08,33328006700
2021-03-01,2021-03-01,3531.48,3552.567,3511.989,3551.4,31548752600
2021-03-02,2021-03-02,3566.852,3566.852,3485.364,3508.591,33983048600
2021-03-03,2021-03-03,3500.158,3577.622,3498.719,3576.905,34765684600
2021-03-04,2021-03-04,3546.641,3552.202,3487.376,3503.492,39361612000
2021-03-05,2021-03-05,3463.309,3523.568,3456.667,3501.987,35640922300
2021-03-08,2021-03-08,3524.983,3542.304,3421.215,3421.414,38704795400
2021-03-09,2021-03-09,3415.339,3429.15,3328.312,3359.292,40765253900
2021-03-10,2021-03-10,3389.839,3397.025,3354.823,3357.737,29974916600
2021-03-11,2021-03-11,3369.902,3436.831,3369.902,3436.831,32211204400
2021-03-12,2021-03-12,3447.203,3454.506,3417.239,3453.078,35802703500
2021-03-15,2021-03-15,3441.882,3457.489,3392.509,3419.946,36781329300
2021-03-16,2021-03-16,3424.652,3448.883,3406.175,3446.733,31666874700
2021-03-17,2021-03-17,3435.732,3454.056,3410.282,3445.551,28005981800
2021-03-18,2021-03-18,3449.641,3478.145,3449.377,3463.068,28440389100
2021-03-19,2021-03-19,3423.873,3439.524,3389.293,3404.663,30916171600
2021-03-22,2021-03-22,3406.123,3443.66,3404.234,3443.439,31255908400
2021-03-23,2021-03-23,3445.341,3445.416,3390.048,3411.509,32638940900
2021-03-24,2021-03-24,3394.128,3415.295,3362.185,3367.061,31739869700
2021-03-25,2021-03-25,3355.071,3382.226,3344.97,3363.592,27067609700
2021-03-26,2021-03-26,3373.317,3423.223,3373.317,3418.327,27461498700
2021-03-29,2021-03-29,3429.632,3449.834,3409.887,3435.296,28482424300
2021-03-30,2021-03-30,3432.529,3457.635,3423.315,3456.677,28542308100
2021-03-31,2021-03-31,3452.208,3452.208,3420.832,3441.912,28304926100
2021-04-01,2021-04-01,3444.81,3470.031,3438.826,3466.332,27524429500
2021-04-02,2021-04-02,3472.628,3487.586,3462.832,3484.392,26265487300
2021-04-06,2021-04-06,3491.634,3493.281,3471.761,3482.967,23474667100
2021-04-07,2021-04-07,3483.421,3483.421,3453.195,3479.626,29578697800
2021-04-08,2021-04-08,3467.487,3495.909,3459.325,3482.555,33175532900
2021-04-09,2021-04-09,3475.443,3475.447,3442.139,3450.677,28008519600
2021-04-12,2021-04-12,3445.97,3456.158,3403.901,3412.948,30957723900
2021-04-13,2021-04-13,3411.293,3425.395,3387.902,3396.47,27062605400
2021-04-14,2021-04-14,3397.021,3420.028,3392.975,3416.721,23324232700
2021-04-15,2021-04-15,3409.614,3409.614,3373.094,3398.988,23400505400
2021-04-16,2021-04-16,3407.188,3432.629,3394.134,3426.618,25857967200
2021-04-19,2021-04-19,3427.548,3479.01,3414.356,3477.549,30273581900
2021-04-20,2021-04-20,3467.148,3494.298,3463.464,3472.943,28530008200
2021-04-21,2021-04-21,3456.299,3481.251,3450.111,3472.93,25377785900
2021-04-22,2021-04-22,3482.833,3485.359,3456.316,3465.114,25111451000
2021-04-23,2021-04-23,3462.086,3482.359,3456.333,3474.166,24936043300
2021-04-26,2021-04-26,3484.107,3497.121,3438.572,3441.166,27697077100
2021-04-27,2021-04-27,3440.091,3443.854,3417.265,3442.611,25303239300
2021-04-28,2021-04-28,3432.161,3457.068,3423.325,3457.068,24738112000
2021-04-29,2021-04-29,3458.082,3478.228,3447.588,3474.901,27663138700
2021-04-30,2021-04-30,3468.302,3469.087,3426.902,3446.856,31266035400
2021-05-06,2021-05-06,3446.074,3471.24,3426.849,3441.283,31042419200
2021-05-07,2021-05-07,3446.407,3457.892,3416.776,3418.874,35378538900
2021-05-10,2021-05-10,3423.59,3429.736,3401.935,3427.991,37417088400
2021-05-11,2021-05-11,3406.598,3448.096,3384.697,3441.845,35093411200
2021-05-12,2021-05-12,3429.754,3466.371,3428.394,3462.751,31144454700
2021-05-13,2021-05-13,3432.138,3448.017,3418.385,3429.536,31932532700
2021-05-14,2021-05-14,3436.092,3490.644,3422.565,3490.376,33698230900
2021-05-17,2021-05-17,3490.409,3530.506,3490.144,3517.616,32213596900
2021-05-18,2021-05-18,3520.649,3529.014,3510.862,3529.014,27130855800
2021-05-19,2021-05-19,3521.11,3521.11,3503.815,3510.965,27832111700
2021-05-20,2021-05-20,3500.877,3517.74,3486.066,3506.944,32600933300
2021-05-21,2021-05-21,3510.835,3518.377,3479.674,3486.557,28382628500
2021-05-24,2021-05-24,3486.271,3498.304,3469.875,3497.282,28950924200
2021-05-25,2021-05-25,3502.539,3584.577,3502.443,3581.342,34124112700
2021-05-26,2021-05-26,3586.839,3603.488,3585.37,3593.357,34198028800
2021-05-27,2021-05-27,3585.734,3626.358,3579.26,3608.851,30955148600
2021-05-28,2021-05-28,3610.767,3622.18,3582.358,3600.784,34920883000
2021-05-31,2021-05-31,3600.07,3615.657,3580.652,3615.477,33152377000
2021-06-01,2021-06-01,3608.598,3626.074,3581.912,3624.714,35281141300
2021-06-02,2021-06-02,3626.328,3629.29,3584.596,3597.138,34855842000
2021-06-03,2021-06-03,3595.422,3618.507,3584.205,3584.212,35423303100
2021-06-04,2021-06-04,3565.472,3618.8,3561.891,3591.845,33089303800
2021-06-07,2021-06-07,3597.141,3600.376,3581.899,3599.541,30371867700
2021-06-08,2021-06-08,3598.753,3621.523,3563.25,3580.106,30449147000
2021-06-09,2021-06-09,3576.802,3598.708,3572.636,3591.397,29832329600
2021-06-10,2021-06-10,3587.528,3624.343,3584.133,3610.859,31817480800
2021-06-11,2021-06-11,3614.113,3614.404,3587.149,3589.748,36055497000
2021-06-15,2021-06-15,3587.466,3592.947,3547.187,3556.559,34916856600
2021-06-16,2021-06-16,3556.714,3561.092,3513.559,3518.329,31259730600
2021-06-17,2021-06-17,3508.317,3534.198,3507.354,3525.604,27722991800
2021-06-18,2021-06-18,3520.497,3535.622,3503.183,3525.097,29670858500
2021-06-21,2021-06-21,3515.501,3540.296,3504.008,3529.183,28089827700
2021-06-22,2021-06-22,3539.788,3560.195,3536.812,3557.412,30753639900
2021-06-23,2021-06-23,3559.399,3577.466,3549.848,3566.22,31070951800
2021-06-24,2021-06-24,3568.576,3570.487,3548.816,3566.654,33544075400
2021-06-25,2021-06-25,3567.377,3614.298,3564.52,3607.562,34608783200
2021-06-28,2021-06-28,3612.247,3614.357,3594.217,3606.372,32127497400
2021-06-29,2021-06-29,3601.677,3601.827,3570.525,3573.178,30607117800
2021-06-30,2021-06-30,3572.624,3594.119,3569.501,3591.197,26816281800
2021-07-01,2021-07-01,3600.546,3607.705,3573.937,3588.782,29188319200
2021-07-02,2021-07-02,3569.892,3569.892,3514.339,3518.76,29194554800
2021-07-05,2021-07-05,3516.923,3534.322,3510.578,3534.322,28809483700
2021-07-06,2021-07-06,3533.13,3538.347,3496.928,3530.259,31407021100
2021-07-07,2021-07-07,3508.59,3557.879,3504.472,3553.716,31883918900
2021-07-08,2021-07-08,3557.218,3558.677,3521.058,3525.504,35087785700
2021-07-09,2021-07-09,3512.233,3529.31,3485.054,3524.088,34988431700
2021-07-12,2021-07-12,3545.198,3565.032,3527.393,3547.836,40363955800
2021-07-13,2021-07-13,3547.59,3567.481,3542.815,3566.523,36241671100
2021-07-14,2021-07-14,3560.828,3560.828,3525.494,3528.501,37222172200
2021-07-15,2021-07-15,3519.063,3565.935,3514.258,3564.59,36325916400
2021-07-16,2021-07-16,3559.526,3565.999,3537.729,3539.304,36601477900
2021-07-19,2021-07-19,3530.493,3544.879,3506.342,3539.123,33676094600
2021-07-20,2021-07-20,3515.072,3538.636,3509.192,3536.791,29378059400
2021-07-21,2021-07-21,3543.053,3569.09,3543.053,3562.661,33897874800
2021-07-22,2021-07-22,3563.661,3576.473,3558.293,3574.734,38106705400
2021-07-23,2021-07-23,3571.715,3571.854,3541.51,3550.396,44642124600
2021-07-26,2021-07-26,3538.014,3538.014,3424.742,3467.441,44288220300
2021-07-27,2021-07-27,3467.447,3483.874,3380.276,3381.183,46907544300
2021-07-28,2021-07-28,3355.819,3385.536,3312.721,3361.59,39582541900
2021-07-29,2021-07-29,3403.838,3416.607,3382.571,3411.724,34456942800
2021-07-30,2021-07-30,3398.196,3404.881,3370.451,3397.357,38144095600
2021-08-02,2021-08-02,3385.69,3464.291,3367.643,3464.285,43292787100
2021-08-03,2021-08-03,3446.784,3470.657,3435.462,3447.991,40069808100
2021-08-04,2021-08-04,3442.937,3477.597,3440.784,3477.219,34874421800
2021-08-05,2021-08-05,3461.719,3486.157,3449.389,3466.549,34843692200
2021-08-06,2021-08-06,3465.484,3466.39,3436.932,3458.228,33682440000
2021-08-09,2021-08-09,3441.75,3502.841,3438.703,3494.635,34991009400
2021-08-10,2021-08-10,3488.664,3529.931,3477.064,3529.931,34511299200
2021-08-11,2021-08-11,3527.109,3544.094,3524.044,3532.621,38378355400
2021-08-12,2021-08-12,3522.724,3538.396,3513.446,3524.737,38107459300
2021-08-13,2021-08-13,3514.467,3540.08,3500.8,3516.299,37818728200
2021-08-16,2021-08-16,3514.345,3537.85,3510.898,3517.345,39109972100
2021-08-17,2021-08-17,3512.109,3531.725,3438.123,3446.976,42288580400
2021-08-18,2021-08-18,3442.347,3487.436,3437.691,3485.286,38920375600
2021-08-19,2021-08-19,3475.298,3480.46,3446.015,3465.555,38238303100
2021-08-20,2021-08-20,3442.506,3453.153,3394.972,3427.334,39113691800
2021-08-23,2021-08-23,3436.796,3481.254,3436.671,3477.132,38472744000
2021-08-24,2021-08-24,3482.266,3522.697,3481.141,3514.471,43023646300
2021-08-25,2021-08-25,3517.915,3540.395,3510.066,3540.384,45004701900
2021-08-26,2021-08-26,3537.314,3537.316,3499.453,3501.664,50290314700
2021-08-27,2021-08-27,3494.418,3530.193,3493.375,3522.157,45534590600
2021-08-30,2021-08-30,3535.073,3539.494,3512.993,3528.151,51278571600
2021-08-31,2021-08-31,3519.025,3543.94,3496.389,3543.94,52420505600
2021-09-01,2021-09-01,3543.866,3582.324,3514.674,3567.101,66727630500
2021-09-02,2021-09-02,3559.903,3597.366,3557.677,3597.043,57268403900
2021-09-03,2021-09-03,3602.742,3613.948,3569.399,3581.734,61453235300
2021-09-06,2021-09-06,3580.141,3626.287,3580.141,3621.859,52171327600
2021-09-07,2021-09-07,3621.71,3681.925,3615.144,3676.587,54772187500
2021-09-08,2021-09-08,3673.402,3695.32,3661.0,3675.187,58643619300
2021-09-09,2021-09-09,3666.825,3693.45,3662.163,3693.13,60481033000
2021-09-10,2021-09-10,3691.186,3722.873,3681.642,3703.11,63520043300
2021-09-13,2021-09-13,3699.253,3716.832,3692.816,3715.372,55748401900
2021-09-14,2021-09-14,3709.634,3723.845,3655.634,3662.602,56495238600
2021-09-15,2021-09-15,3651.158,3677.527,3638.323,3656.223,47497000100
2021-09-16,2021-09-16,3664.841,3677.92,3606.728,3607.092,54674147400
2021-09-17,2021-09-17,3595.272,3620.958,3569.271,3613.966,51685021000
2021-09-22,2021-09-22,3563.207,3629.454,3560.503,3628.49,47229605300
2021-09-23,2021-09-23,3651.266,3670.954,3632.282,3642.22,53499548600
2021-09-24,2021-09-24,3637.868,3651.429,3607.792,3613.067,50730477200
2021-09-27,2021-09-27,3625.96,3640.808,3559.915,3582.831,51080279500
2021-09-28,2021-09-28,3577.886,3610.917,3568.819,3602.218,44416880700
2021-09-29,2021-09-29,3573.518,3573.518,3518.048,3536.294,45251115100
2021-09-30,2021-09-30,3541.928,3572.426,3541.928,3568.167,39562962600
2021-10-08,2021-10-08,3609.087,3612.554,3571.734,3592.167,40716114800
2021-10-11,2021-10-11,3600.357,3614.699,3586.749,3591.709,39436115900
2021-10-12,2021-10-12,3581.297,3583.639,3515.141,3546.936,40539374800
2021-10-13,2021-10-13,3543.492,3569.133,3515.648,3561.762,32505066700
2021-10-14,2021-10-14,3555.109,3569.686,3547.182,3558.28,29496919600
2021-10-15,2021-10-15,3551.987,3578.766,3542.693,3572.366,32029298400
2021-10-18,2021-10-18,3571.048,3571.048,3539.478,3568.138,34095061600
2021-10-19,2021-10-19,3562.296,3596.788,3560.622,3593.153,33419765200
2021-10-20,2021-10-20,3583.236,3596.05,3574.296,3587.001,34424500800
2021-10-21,2021-10-21,3590.05,3610.96,3576.355,3594.783,35231086700
2021-10-22,2021-10-22,3594.746,3607.578,3578.76,3582.604,35315720300
2021-10-25,2021-10-25,3574.263,3611.091,3564.206,3609.863,32119681600
2021-10-26,2021-10-26,3612.833,3625.016,3589.706,3597.638,33727829100
2021-10-27,2021-10-27,3589.857,3589.857,3553.128,3562.305,35062094000
2021-10-28,2021-10-28,3548.702,3552.042,3509.487,3518.417,37817166600
2021-10-29,2021-10-29,3519.328,3547.336,3502.801,3547.336,35880937700
2021-11-01,2021-11-01,3530.396,3556.59,3519.29,3544.48,38225132500
2021-11-02,2021-11-02,3543.383,3559.048,3477.664,3505.628,41756317300
2021-11-03,2021-11-03,3501.105,3512.609,3480.488,3498.537,30660766900
2021-11-04,2021-11-04,3505.894,3527.952,3503.006,3526.866,31944082900
2021-11-05,2021-11-05,3520.207,3525.872,3491.457,3491.568,35453356500
2021-11-08,2021-11-08,3491.971,3507.274,3484.24,3498.631,29818372200
2021-11-09,2021-11-09,3507.108,3514.951,3489.043,3507.002,28731598900
2021-11-10,2021-11-10,3498.945,3498.945,3448.438,3492.462,30703070800
2021-11-11,2021-11-11,3486.451,3534.199,3482.829,3532.786,32208795700
2021-11-12,2021-11-12,3534.151,3543.648,3527.39,3539.1,30868335400
2021-11-15,2021-11-15,3542.903,3550.444,3521.292,3533.303,31301761200
2021-11-16,2021-11-16,3530.458,3549.765,3517.807,3521.787,31039990900
2021-11-17,2021-11-17,3518.565,3537.513,3513.523,3537.366,27673567100
2021-11-18,2021-11-18,3531.492,3537.976,3513.114,3520.711,31242692700
2021-11-19,2021-11-19,3519.276,3561.913,3517.651,3560.373,31798997600
2021-11-22,2021-11-22,3562.763,3585.188,3562.751,3582.08,33000938500
2021-11-23,2021-11-23,3580.506,3598.375,3577.361,3589.089,36001159300
2021-11-24,2021-11-24,3590.019,3602.735,3575.288,3592.703,33677524600
2021-11-25,2021-11-25,3593.388,3597.148,3579.533,3584.179,30645151800
2021-11-26,2021-11-26,3576.114,3576.114,3554.88,3564.089,30100006600
2021-11-29,2021-11-29,3528.672,3563.677,3526.355,3562.697,33361833100
2021-11-30,2021-11-30,3570.747,3582.115,3546.362,3563.887,34918793800
2021-12-01,2021-12-01,3561.886,3576.885,3558.691,3576.885,32987351700
2021-12-02,2021-12-02,3573.247,3586.867,3567.137,3573.836,35404152400
2021-12-03,2021-12-03,3576.45,3608.47,3573.214,3607.432,37755104800
2021-12-06,2021-12-06,3615.236,3626.126,3586.805,3589.306,41867674300
2021-12-07,2021-12-07,3611.217,3614.223,3572.569,3595.088,40384259400
2021-12-08,2021-12-08,3602.824,3637.715,3591.986,3637.568,36103665700
2021-12-09,2021-12-09,3641.158,3688.397,3638.702,3673.041,43191815700
2021-12-10,2021-12-10,3654.368,3667.855,3651.353,3666.348,41998880100
2021-12-13,2021-12-13,3686.937,3708.942,3678.058,3681.082,42409200900
2021-12-14,2021-12-14,3669.807,3671.678,3654.656,3661.525,36217193400
2021-12-15,2021-12-15,3655.049,3668.402,3645.243,3647.63,37747766700
2021-12-16,2021-12-16,3648.927,3675.016,3644.665,3675.016,38132950700
2021-12-17,2021-12-17,3670.258,3673.654,3631.661,3632.364,40848783700
2021-12-20,2021-12-20,3620.037,3643.954,3589.36,3593.602,42385141000
2021-12-21,2021-12-21,3591.452,3627.088,3591.452,3625.125,40818434800
2021-12-22,2021-12-22,3632.676,3635.899,3616.548,3622.618,39482517700
2021-12-23,2021-12-23,3625.47,3643.546,3618.048,3643.339,38292573400
2021-12-24,2021-12-24,3645.395,3648.956,3612.067,3618.054,39034762500
2021-12-27,2021-12-27,3613.047,3632.188,3601.935,3615.974,32923529300
2021-12-28,2021-12-28,3619.642,3631.077,3607.364,3630.112,31620224200
2021-12-29,2021-12-29,3630.916,3630.916,3596.323,3597.0,30513176600
2021-12-30,2021-12-30,3596.492,3628.918,3595.496,3619.189,30783929100
2021-12-31,2021-12-31,3626.242,3642.843,3624.942,3639.775,32968193200
